Fecha,kilosnetos,Valortotal,Precio Unitario FOB (USD) Peso Neto,Desvest
2019-01-02,1365.925,10661.407500000001,11.685347224908334,5.959085714153979
2019-01-03,24619.0,69141.51,2.80846135098907,0.0
2019-01-04,495.0,1955.5525,3.9506080542264748,3.9872408302092195e-06
2019-01-07,495.0,1955.5525,3.9506080542264748,3.9872408302092195e-06
2019-01-08,495.0,1955.5525,3.9506080542264748,3.9872408302092195e-06
2019-01-09,495.0,1955.5525,3.9506080542264748,3.9872408302092195e-06
2019-01-10,495.0,1955.5525,3.9506080542264748,3.9872408302092195e-06
2019-01-11,495.0,1955.5525,3.9506080542264748,3.9872408302092195e-06
2019-01-14,660.5,4909.6,7.91333333333335,5.30801490410704
2019-01-15,660.5,4909.6,7.91333333333335,5.30801490410704
2019-01-16,417.2,900.0,2.15723873441994,0.0
2019-01-17,933.0,7562.2,8.10525187566988,0.0
2019-01-18,27485.2,138629.1225,6.321863214285726,3.7663956581077507
2019-01-21,27485.2,138629.1225,6.321863214285726,3.7663956581077507
2019-01-22,9000.0,42496.98,4.72188666666667,0.0
2019-01-23,9000.0,42496.98,4.72188666666667,0.0
2019-01-24,9000.0,42496.98,4.72188666666667,0.0
2019-01-25,9000.0,42496.98,4.72188666666667,0.0
2019-01-28,40000.0,232640.0,5.816,0.0
2019-01-29,5400.0,20304.0,3.76,0.0
2019-01-30,5400.0,20304.0,3.76,0.0
2019-01-31,25189.0,72214.93,2.86692326015324,0.0
2019-02-01,7003.433333333333,24152.97333333334,3.821291427482445,1.6732280643104427
2019-02-04,7003.433333333333,24152.97333333334,3.821291427482445,1.6732280643104427
2019-02-05,480.0,5600.0,11.6666666666667,0.0
2019-02-06,480.0,5600.0,11.6666666666667,0.0
2019-02-07,480.0,5600.0,11.6666666666667,0.0
2019-02-08,480.0,5600.0,11.6666666666667,0.0
2019-02-11,480.0,5600.0,11.6666666666667,0.0
2019-02-12,480.0,5600.0,11.6666666666667,0.0
2019-02-13,480.0,5600.0,11.6666666666667,0.0
2019-02-14,480.0,5600.0,11.6666666666667,0.0
2019-02-15,23255.0,94045.85,3.8901501516897072,0.5608505266997396
2019-02-18,23255.0,94045.85,3.8901501516897072,0.5608505266997396
2019-02-19,650.5600000000001,5347.82,12.85882143346619,5.003904472185315
2019-02-20,16853.333333333332,43010.666666666664,2.9028571428571435,0.6284870073178505
2019-02-21,1071.2,7871.4,7.34820761762509,0.0
2019-02-22,1071.2,7871.4,7.34820761762509,0.0
2019-02-25,1690.0,6710.8,3.9708875739645,0.0
2019-02-26,4870.166666666667,18963.135,3.75880771733776,1.2404824882201169
2019-02-27,4870.166666666667,18963.135,3.75880771733776,1.2404824882201169
2019-02-28,4870.166666666667,18963.135,3.75880771733776,1.2404824882201169
2019-03-01,4870.166666666667,18963.135,3.75880771733776,1.2404824882201169
2019-03-04,7978.0,30650.193999999996,3.813687605326668,1.4650494939464207
2019-03-05,7978.0,30650.193999999996,3.813687605326668,1.4650494939464207
2019-03-06,7978.0,30650.193999999996,3.813687605326668,1.4650494939464207
2019-03-07,694.5,4853.75,6.37784722222223,3.541880824135202
2019-03-08,694.5,4853.75,6.37784722222223,3.541880824135202
2019-03-11,24035.0,116811.64000000001,4.9683111714684,0.23046578791811526
2019-03-12,900.0,5050.0,8.83333333333335,6.835365551469983
2019-03-13,900.0,5050.0,8.83333333333335,6.835365551469983
2019-03-14,900.0,5050.0,8.83333333333335,6.835365551469983
2019-03-15,900.0,5050.0,8.83333333333335,6.835365551469983
2019-03-18,900.0,5050.0,8.83333333333335,6.835365551469983
2019-03-19,497.34,1053.0,2.11726384364821,0.0
2019-03-20,497.34,1053.0,2.11726384364821,0.0
2019-03-21,497.34,1053.0,2.11726384364821,0.0
2019-03-22,50288.0,141193.22,2.8076920935412,0.0
2019-03-25,50288.0,141193.22,2.8076920935412,0.0
2019-03-26,50288.0,141193.22,2.8076920935412,0.0
2019-03-27,27539.0,79800.08,3.28580853867966,0.6706079957607417
2019-03-28,9500.0,34880.24,4.22787074468085,0.8035975194095056
2019-03-29,9500.0,34880.24,4.22787074468085,0.8035975194095056
2019-04-01,9500.0,34880.24,4.22787074468085,0.8035975194095056
2019-04-02,1049.2,7368.0,7.0224933282501,0.0
2019-04-03,3960.0,18701.05,4.72248737373737,0.0
2019-04-04,40000.0,190258.56,4.756464,0.0
2019-04-05,40000.0,190258.56,4.756464,0.0
2019-04-08,12047.25,37582.29,4.619603531097343,2.6672296789324275
2019-04-09,12047.25,37582.29,4.619603531097343,2.6672296789324275
2019-04-10,12047.25,37582.29,4.619603531097343,2.6672296789324275
2019-04-11,881.0,8130.0,9.22814982973893,0.0
2019-04-12,1500.0,9090.0,6.06,0.0
2019-04-15,4325.9875,17855.835,4.607865830984437,2.424149119469247
2019-04-16,9850.0,35763.885,4.19816097744361,0.8636750026679543
2019-04-17,9850.0,35763.885,4.19816097744361,0.8636750026679543
2019-04-18,9850.0,35763.885,4.19816097744361,0.8636750026679543
2019-04-19,9850.0,35763.885,4.19816097744361,0.8636750026679543
2019-04-22,9850.0,35763.885,4.19816097744361,0.8636750026679543
2019-04-23,288.0,2642.4,9.175,0.0
2019-04-24,25000.0,71975.0,2.879,0.0
2019-04-25,25000.0,71975.0,2.879,0.0
2019-04-26,25000.0,71975.0,2.879,0.0
2019-04-29,25000.0,71975.0,2.879,0.0
2019-04-30,50000.0,237809.52,4.754142,0.014484375305825045
2019-05-01,50000.0,237809.52,4.754142,0.014484375305825045
2019-05-02,50000.0,237809.52,4.754142,0.014484375305825045
2019-05-03,50000.0,237809.52,4.754142,0.014484375305825045
2019-05-06,384.0,4480.0,11.6666666666667,0.0
2019-05-07,384.0,4480.0,11.6666666666667,0.0
2019-05-08,3023.34,5412.0,1.79007323026851,0.0
2019-05-09,3023.34,5412.0,1.79007323026851,0.0
2019-05-10,8568.866666666667,27423.35666666667,4.945698433206187,3.940406014912212
2019-05-13,8568.866666666667,27423.35666666667,4.945698433206187,3.940406014912212
2019-05-14,3344.05,12703.842499999999,4.912261225782697,2.5626064606116703
2019-05-15,3344.05,12703.842499999999,4.912261225782697,2.5626064606116703
2019-05-16,3344.05,12703.842499999999,4.912261225782697,2.5626064606116703
2019-05-17,3344.05,12703.842499999999,4.912261225782697,2.5626064606116703
2019-05-20,3344.05,12703.842499999999,4.912261225782697,2.5626064606116703
2019-05-21,2983.84,13600.0,4.55788514129444,0.0
2019-05-22,2983.84,13600.0,4.55788514129444,0.0
2019-05-23,25000.0,62500.0,2.5,0.0
2019-05-24,25000.0,62500.0,2.5,0.0
2019-05-27,49978.0,147458.17,2.95046160310537,0.0
2019-05-28,25239.0,74466.7,2.95046158722612,0.0
2019-05-29,40000.0,193833.0,4.845825,0.0
2019-05-30,40000.0,193833.0,4.845825,0.0
2019-05-31,40000.0,193833.0,4.845825,0.0
2019-06-03,8042.0,32655.336,4.443455607017544,1.7017770471230185
2019-06-04,8042.0,32655.336,4.443455607017544,1.7017770471230185
2019-06-05,142.25333333333333,819.7333333333332,4.879378305495963,2.454506464180191
2019-06-06,142.25333333333333,819.7333333333332,4.879378305495963,2.454506464180191
2019-06-07,142.25333333333333,819.7333333333332,4.879378305495963,2.454506464180191
2019-06-10,25249.0,73191.03,2.89876945621609,0.0
2019-06-11,25249.0,73191.03,2.89876945621609,0.0
2019-06-12,25249.0,73191.03,2.89876945621609,0.0
2019-06-13,25249.0,73191.03,2.89876945621609,0.0
2019-06-14,25249.0,73191.03,2.89876945621609,0.0
2019-06-17,20000.0,66333.15,3.3166575,0.0
2019-06-18,12829.5,39294.05,7.28271774097464,6.199840027464671
2019-06-19,12829.5,39294.05,7.28271774097464,6.199840027464671
2019-06-20,12829.5,39294.05,7.28271774097464,6.199840027464671
2019-06-21,1388.2,9478.5,6.82790664169428,0.0
2019-06-24,200.0,600.0,3.0,0.0
2019-06-25,200.0,600.0,3.0,0.0
2019-06-26,630.0,6224.0,7.91333333333335,5.30801490410704
2019-06-27,630.0,6224.0,7.91333333333335,5.30801490410704
2019-06-28,40000.0,194450.4,4.86126,0.0
2019-07-01,25279.0,79148.55,3.13100003955853,0.0
2019-07-02,25279.0,79148.55,3.13100003955853,0.0
2019-07-03,25279.0,79148.55,3.13100003955853,0.0
2019-07-04,625.0,2175.0,3.48,0.0
2019-07-05,530.0,2256.0,4.25660377358491,0.0
2019-07-08,530.0,2256.0,4.25660377358491,0.0
2019-07-09,530.0,2256.0,4.25660377358491,0.0
2019-07-10,85139.0,405110.21,4.285500019889415,1.6327095296318581
2019-07-11,85139.0,405110.21,4.285500019889415,1.6327095296318581
2019-07-12,85139.0,405110.21,4.285500019889415,1.6327095296318581
2019-07-15,40000.0,225200.0,5.63,0.0
2019-07-16,40000.0,225200.0,5.63,0.0
2019-07-17,40000.0,225200.0,5.63,0.0
2019-07-18,40000.0,225200.0,5.63,0.0
2019-07-19,40000.0,225200.0,5.63,0.0
2019-07-22,6302.0,22161.940000000002,5.164666567787958,2.540744300999515
2019-07-23,4845.733333333334,16405.933333333334,4.898196986026437,2.68356767304212
2019-07-24,403.2,4752.0,11.7857142857143,0.0
2019-07-25,403.2,4752.0,11.7857142857143,0.0
2019-07-26,25825.0,82501.525,4.625045454545455,2.112899344620058
2019-07-29,16770.066666666666,67366.21666666666,4.155399404558687,0.87001010274552
2019-07-30,16770.066666666666,67366.21666666666,4.155399404558687,0.87001010274552
2019-07-31,50362.0,157679.55,3.13092311663556,0.0
2019-08-01,50362.0,157679.55,3.13092311663556,0.0
2019-08-02,40000.0,207324.0,5.1831,0.0
2019-08-05,40000.0,207324.0,5.1831,0.0
2019-08-06,4611.4857142857145,18493.955714285716,4.20017618120196,1.8591240431333966
2019-08-07,11186.713333333333,36412.458333333336,3.503241712171335,1.5250150607769795
2019-08-08,11186.713333333333,36412.458333333336,3.503241712171335,1.5250150607769795
2019-08-09,10000.0,44197.71,4.605135625,1.3107258332960146
2019-08-12,10000.0,44197.71,4.605135625,1.3107258332960146
2019-08-13,10000.0,44197.71,4.605135625,1.3107258332960146
2019-08-14,25103.0,78597.49,3.13099988049237,0.0
2019-08-15,25103.0,78597.49,3.13099988049237,0.0
2019-08-16,25103.0,78597.49,3.13099988049237,0.0
2019-08-19,25103.0,78597.49,3.13099988049237,0.0
2019-08-20,25103.0,78597.49,3.13099988049237,0.0
2019-08-21,300.0,1248.0,4.16,0.0
2019-08-22,300.0,1248.0,4.16,0.0
2019-08-23,300.0,1248.0,4.16,0.0
2019-08-26,27116.0,89838.195,4.255499979936992,1.484003726465107
2019-08-27,25000.0,55000.0,2.2,0.0
2019-08-28,25000.0,55000.0,2.2,0.0
2019-08-29,25000.0,55000.0,2.2,0.0
2019-08-30,25000.0,55000.0,2.2,0.0
2019-09-02,7638.0,25306.38,2.66514456233422,0.9406564609917706
2019-09-03,7638.0,25306.38,2.66514456233422,0.9406564609917706
2019-09-04,7638.0,25306.38,2.66514456233422,0.9406564609917706
2019-09-05,113.0,300.0,2.65486725663717,0.0
2019-09-06,5883.044,17369.4,4.162208033856292,2.77975549438631
2019-09-09,5883.044,17369.4,4.162208033856292,2.77975549438631
2019-09-10,7288.166666666667,26119.65166666667,4.875663500999703,1.3881043272535702
2019-09-11,8818.833333333334,47715.75333333333,5.583384083387148,2.793328289963154
2019-09-12,8818.833333333334,47715.75333333333,5.583384083387148,2.793328289963154
2019-09-13,8818.833333333334,47715.75333333333,5.583384083387148,2.793328289963154
2019-09-16,8818.833333333334,47715.75333333333,5.583384083387148,2.793328289963154
2019-09-17,8818.833333333334,47715.75333333333,5.583384083387148,2.793328289963154
2019-09-18,805.0,1789.8,2.22335403726708,0.0
2019-09-19,805.0,1789.8,2.22335403726708,0.0
2019-09-20,1800.0,7050.37,3.91687222222222,0.0
2019-09-23,300.0,1248.0,4.16,0.0
2019-09-24,770.6,5952.6,6.688449502133715,2.307360841779076
2019-09-25,25144.4,74832.65999999999,6.63799992045816,5.178850177899424
2019-09-26,25144.4,74832.65999999999,6.63799992045816,5.178850177899424
2019-09-27,60000.0,342000.0,5.7,0.0
2019-09-30,3232.22,14772.0,4.57023346183119,0.0
2019-10-01,6384.166666666667,24646.246666666662,4.351252928346657,1.5347566306822216
2019-10-02,24917.0,74153.0,2.97600032106594,0.0
2019-10-03,24917.0,74153.0,2.97600032106594,0.0
2019-10-04,24917.0,74153.0,2.97600032106594,0.0
2019-10-07,24917.0,74153.0,2.97600032106594,0.0
2019-10-08,750.0,3120.0,4.16,0.0
2019-10-09,12500.0,32750.0,2.62,0.0
2019-10-10,12500.0,32750.0,2.62,0.0
2019-10-11,3060.0,12530.7,4.095,0.0
2019-10-14,3060.0,12530.7,4.095,0.0
2019-10-15,3060.0,12530.7,4.095,0.0
2019-10-16,20000.0,69202.26,3.460113,0.0
2019-10-17,80000.0,456000.0,5.7,0.0
2019-10-18,80000.0,456000.0,5.7,0.0
2019-10-21,213.33333333333334,2270.0,10.366666666666667,1.644181660685137
2019-10-22,20000.0,64246.38,3.212319,0.0
2019-10-23,20000.0,64246.38,3.212319,0.0
2019-10-24,960.0,11200.0,11.6666666666667,0.0
2019-10-25,4467.29,20103.7,2.333810312421128,3.0999469708118172
2019-10-28,4467.29,20103.7,2.333810312421128,3.0999469708118172
2019-10-29,8414.933333333332,32589.535,5.34713471685459,3.6372532682441427
2019-10-30,6000.0,22134.0,3.689,0.0
2019-10-31,2376.8,17643.6,7.42325816223494,0.0
2019-11-01,2376.8,17643.6,7.42325816223494,0.0
2019-11-04,2376.8,17643.6,7.42325816223494,0.0
2019-11-05,2376.8,17643.6,7.42325816223494,0.0
2019-11-06,2376.8,17643.6,7.42325816223494,0.0
2019-11-07,25000.0,67000.0,2.68,0.0
2019-11-08,60000.0,313200.0,5.22,0.0
2019-11-11,28.0,466.0,16.6428571428571,0.0
2019-11-12,28.0,466.0,16.6428571428571,0.0
2019-11-13,28.0,466.0,16.6428571428571,0.0
2019-11-14,28.0,466.0,16.6428571428571,0.0
2019-11-15,28.0,466.0,16.6428571428571,0.0
2019-11-18,28.0,466.0,16.6428571428571,0.0
2019-11-19,2504.0,9874.964,3.7636811732953404,1.5587211298114152
2019-11-20,153.0,973.5999999999999,4.85692279479186,2.4325614395075523
2019-11-21,153.0,973.5999999999999,4.85692279479186,2.4325614395075523
2019-11-22,153.0,973.5999999999999,4.85692279479186,2.4325614395075523
2019-11-25,79.5,345.6,4.34716981132075,0.0
2019-11-26,7950.0,26988.665,4.131337080536914,1.1914931971792462
2019-11-27,1035.0,4305.6,4.16,0.0
2019-11-28,35.0325,4.5,0.13194553593330216,0.06458662131035758
2019-11-29,20213.7,106712.45,11.673219367483892,7.476269746956763
2019-12-02,20213.7,106712.45,11.673219367483892,7.476269746956763
2019-12-03,20213.7,106712.45,11.673219367483892,7.476269746956763
2019-12-04,20213.7,106712.45,11.673219367483892,7.476269746956763
2019-12-05,20213.7,106712.45,11.673219367483892,7.476269746956763
2019-12-06,20213.7,106712.45,11.673219367483892,7.476269746956763
2019-12-09,7162.8,26569.496000000003,4.744128072636267,1.393044998613011
2019-12-10,7162.8,26569.496000000003,4.744128072636267,1.393044998613011
2019-12-11,190.35,1270.507,5.085459965118124,3.8187123941192698
2019-12-12,4966.666666666667,18658.333333333332,5.670833333333342,5.199931556707709
2019-12-13,40852.75,215353.76,6.22318528290824,1.4045760970381926
2019-12-16,560.0,2329.6,4.16,0.0
2019-12-17,560.0,2329.6,4.16,0.0
2019-12-18,560.0,2329.6,4.16,0.0
2019-12-19,256.5,1218.76,4.75150097465887,0.0
2019-12-20,80000.0,430400.0,5.38,0.0
2019-12-23,572.5,10387.0,18.143231441048,0.0
2019-12-24,1001.0,6966.96,6.96,0.0
2019-12-25,80000.0,430400.0,5.38,0.0
2019-12-26,80000.0,430400.0,5.38,0.0
2019-12-27,80000.0,430400.0,5.38,0.0
2019-12-30,25000.0,65375.0,2.615,0.0
2019-12-31,1340.0,8367.5,6.595000000000001,0.572756492761103
2020-01-01,1340.0,8367.5,6.595000000000001,0.572756492761103
2020-01-02,1340.0,8367.5,6.595000000000001,0.572756492761103
2020-01-03,288.1666666666667,2013.9666666666665,6.368509024445967,0.7551389352878757
2020-01-06,65209.0,300021.99,4.300500119005115,1.873125695064517
2020-01-07,65209.0,300021.99,4.300500119005115,1.873125695064517
2020-01-08,7627.454545454545,30420.056363636362,4.341994596259797,1.2748868569376282
2020-01-09,5101.5,18935.850000000002,4.68545161026272,2.7185530710146866
2020-01-10,5101.5,18935.850000000002,4.68545161026272,2.7185530710146866
2020-01-13,5101.5,18935.850000000002,4.68545161026272,2.7185530710146866
2020-01-14,5101.5,18935.850000000002,4.68545161026272,2.7185530710146866
2020-01-15,1000.0,4160.0,4.16,0.0
2020-01-16,1000.0,4160.0,4.16,0.0
2020-01-17,444.12,2010.0,4.52580383680086,0.0
2020-01-20,444.12,2010.0,4.52580383680086,0.0
2020-01-21,444.12,2010.0,4.52580383680086,0.0
2020-01-22,444.12,2010.0,4.52580383680086,0.0
2020-01-23,9478.57142857143,36269.52428571429,3.473271796536797,0.9894387299895835
2020-01-24,17100.0,59938.37,3.50516783625731,0.0
2020-01-27,17100.0,59938.37,3.50516783625731,0.0
2020-01-28,499.8333333333333,2422.266666666667,5.51640558144451,2.8643549777699846
2020-01-29,499.8333333333333,2422.266666666667,5.51640558144451,2.8643549777699846
2020-01-30,499.8333333333333,2422.266666666667,5.51640558144451,2.8643549777699846
2020-01-31,499.8333333333333,2422.266666666667,5.51640558144451,2.8643549777699846
2020-02-03,25219.333333333332,75153.53666666667,5.644000013186177,4.638442830784685
2020-02-04,25219.333333333332,75153.53666666667,5.644000013186177,4.638442830784685
2020-02-05,960.0,2231.0,2.32395833333333,0.0
2020-02-06,960.0,2231.0,2.32395833333333,0.0
2020-02-07,1000.0,4160.0,4.16,0.0
2020-02-10,3300.790909090909,14006.712727272727,4.561462431249229,1.7878442659243636
2020-02-11,25000.0,75100.0,3.004,0.0
2020-02-12,432.0,3567.6,8.25833333333333,0.0
2020-02-13,432.0,3567.6,8.25833333333333,0.0
2020-02-14,2019.1899999999998,12002.266666666668,2.066731563347629,3.4074902525425896
2020-02-17,2019.1899999999998,12002.266666666668,2.066731563347629,3.4074902525425896
2020-02-18,6000.0,34626.0,5.771,0.0
2020-02-19,800.0,15423.96,19.27995,0.0
2020-02-20,800.0,15423.96,19.27995,0.0
2020-02-21,22549.5,74518.66500000001,3.3465676195266747,0.5240614152384468
2020-02-24,20060.0,118672.205,4.3975001250000005,2.1602113933015983
2020-02-25,20000.0,70263.72,3.513186,0.0
2020-02-26,378.31,1828.75,5.488013599835153,1.866830702321255
2020-02-27,378.31,1828.75,5.488013599835153,1.866830702321255
2020-02-28,378.31,1828.75,5.488013599835153,1.866830702321255
2020-03-02,378.31,1828.75,5.488013599835153,1.866830702321255
2020-03-03,168.0,1180.315,4.470205435134261,5.373016417477754
2020-03-04,480.0,1150.0,2.39583333333333,0.0
2020-03-05,480.0,1150.0,2.39583333333333,0.0
2020-03-06,480.0,1150.0,2.39583333333333,0.0
2020-03-09,5790.65,19921.344,4.417417838533659,1.7417190373670544
2020-03-10,741.55,6676.18,9.69753431030474,2.784773684474774
2020-03-11,741.55,6676.18,9.69753431030474,2.784773684474774
2020-03-12,40000.0,237000.0,5.925,0.0
2020-03-13,40000.0,237000.0,5.925,0.0
2020-03-16,40000.0,237000.0,5.925,0.0
2020-03-17,33333.333333333336,183405.6066666667,4.596947008547009,1.129063880640892
2020-03-18,33333.333333333336,183405.6066666667,4.596947008547009,1.129063880640892
2020-03-19,33333.333333333336,183405.6066666667,4.596947008547009,1.129063880640892
2020-03-20,33333.333333333336,183405.6066666667,4.596947008547009,1.129063880640892
2020-03-23,8790.0,28841.16,6.93825,3.9987113236641627
2020-03-24,8790.0,28841.16,6.93825,3.9987113236641627
2020-03-25,6690.9,23289.705,7.294870127536782,3.9743276929600255
2020-03-26,6690.9,23289.705,7.294870127536782,3.9743276929600255
2020-03-27,9020.64,41400.0,4.58947480444847,0.0
2020-03-30,9020.64,41400.0,4.58947480444847,0.0
2020-03-31,9020.64,41400.0,4.58947480444847,0.0
2020-04-01,9020.64,41400.0,4.58947480444847,0.0
2020-04-02,9020.64,41400.0,4.58947480444847,0.0
2020-04-03,9020.64,41400.0,4.58947480444847,0.0
2020-04-06,9020.64,41400.0,4.58947480444847,0.0
2020-04-07,9020.64,41400.0,4.58947480444847,0.0
2020-04-08,9020.64,41400.0,4.58947480444847,0.0
2020-04-09,9020.64,41400.0,4.58947480444847,0.0
2020-04-10,9020.64,41400.0,4.58947480444847,0.0
2020-04-13,25099.0,79390.08,3.16307741344277,0.0
2020-04-14,741.6666666666666,3454.7999999999997,5.802074074074073,2.8441557260879153
2020-04-15,741.6666666666666,3454.7999999999997,5.802074074074073,2.8441557260879153
2020-04-16,2814.8,13886.04,4.9332243853915,0.0
2020-04-17,25065.0,67930.01,2.71015399960104,0.0
2020-04-20,25065.0,67930.01,2.71015399960104,0.0
2020-04-21,25065.0,67930.01,2.71015399960104,0.0
2020-04-22,25065.0,67930.01,2.71015399960104,0.0
2020-04-23,25065.0,67930.01,2.71015399960104,0.0
2020-04-24,25065.0,67930.01,2.71015399960104,0.0
2020-04-27,25065.0,67930.01,2.71015399960104,0.0
2020-04-28,25065.0,67930.01,2.71015399960104,0.0
2020-04-29,25065.0,67930.01,2.71015399960104,0.0
2020-04-30,25065.0,67930.01,2.71015399960104,0.0
2020-05-01,25065.0,67930.01,2.71015399960104,0.0
2020-05-04,25065.0,67930.01,2.71015399960104,0.0
2020-05-05,12500.0,38850.0,3.108,0.0
2020-05-06,12500.0,38850.0,3.108,0.0
2020-05-07,12500.0,38850.0,3.108,0.0
2020-05-08,16333.333333333334,70155.26666666666,4.674266581627681,1.4509573892885055
2020-05-11,50040.0,120096.0,2.4,0.0
2020-05-12,500.0,2275.0,4.55,0.0
2020-05-13,500.0,2275.0,4.55,0.0
2020-05-14,4126.75,19425.274999999998,3.5840410710128126,2.045370088022646
2020-05-15,25265.0,68499.24,2.71123055610528,0.0
2020-05-18,12150.0,64881.0,5.34,0.0
2020-05-19,140000.0,812000.0,5.8,0.0
2020-05-20,1021.5,6477.75,6.616666666666665,0.5421151989096892
2020-05-21,1021.5,6477.75,6.616666666666665,0.5421151989096892
2020-05-22,512.5333333333333,3777.3333333333335,7.268190476190466,3.8344388444335062
2020-05-25,512.5333333333333,3777.3333333333335,7.268190476190466,3.8344388444335062
2020-05-26,512.5333333333333,3777.3333333333335,7.268190476190466,3.8344388444335062
2020-05-27,750.0,4935.0,6.58,0.0
2020-05-28,25175.0,68255.24,2.71123098311817,0.0
2020-05-29,25175.0,68255.24,2.71123098311817,0.0
2020-06-01,12600.0,35910.0,2.85,0.0
2020-06-02,12600.0,35910.0,2.85,0.0
2020-06-03,12600.0,35910.0,2.85,0.0
2020-06-04,12600.0,35910.0,2.85,0.0
2020-06-05,12600.0,35910.0,2.85,0.0
2020-06-08,690.75,1470.95,2.14018578839426,0.07558168755353854
2020-06-09,690.75,1470.95,2.14018578839426,0.07558168755353854
2020-06-10,4513.0,16738.565,4.177438718323585,0.8574570835060745
2020-06-11,4513.0,16738.565,4.177438718323585,0.8574570835060745
2020-06-12,3807.3,14998.15,4.52943290410959,1.9559749002748419
2020-06-15,4614.36,15257.599999999999,2.6105010807362534,0.7123368089136418
2020-06-16,4614.36,15257.599999999999,2.6105010807362534,0.7123368089136418
2020-06-17,25237.0,68423.32,2.71123033641083,0.0
2020-06-18,25237.0,68423.32,2.71123033641083,0.0
2020-06-19,180.0,900.0,5.0,0.0
2020-06-22,790.5,4581.0,5.1153760445682455,2.652182236778022
2020-06-23,790.5,4581.0,5.1153760445682455,2.652182236778022
2020-06-24,828.9,1776.94,2.14373265773917,0.0
2020-06-25,828.9,1776.94,2.14373265773917,0.0
2020-06-26,828.9,1776.94,2.14373265773917,0.0
2020-06-29,828.9,1776.94,2.14373265773917,0.0
2020-06-30,828.9,1776.94,2.14373265773917,0.0
2020-07-01,17148.0,49936.62666666667,3.90076906997384,1.823364007489585
2020-07-02,17148.0,49936.62666666667,3.90076906997384,1.823364007489585
2020-07-03,17148.0,49936.62666666667,3.90076906997384,1.823364007489585
2020-07-06,13763.133333333333,67605.8,3.1275485583303166,1.6221854184408953
2020-07-07,60000.0,300000.0,5.0,0.0
2020-07-08,12935.5125,39573.8925,4.004324665097657,1.740129723023921
2020-07-09,960.0,11200.0,11.6666666666667,0.0
2020-07-10,960.0,11200.0,11.6666666666667,0.0
2020-07-13,46951.0,273935.4666666667,4.38150968654492,1.3576933097290165
2020-07-14,9000.0,33840.0,3.76,0.0
2020-07-15,9000.0,33840.0,3.76,0.0
2020-07-16,9000.0,33840.0,3.76,0.0
2020-07-17,9000.0,33840.0,3.76,0.0
2020-07-20,9000.0,33840.0,3.76,0.0
2020-07-21,9000.0,33840.0,3.76,0.0
2020-07-22,9096.333333333334,29633.813333333335,4.316397593102736,1.887978317685019
2020-07-23,5989.2,24989.156,4.43218256750594,0.8262058620299992
2020-07-24,5989.2,24989.156,4.43218256750594,0.8262058620299992
2020-07-27,8994.065,37805.555,3.2067791956122775,1.236541022258434
2020-07-28,25167.0,73754.0,2.93058370087813,0.0
2020-07-29,440.5,4030.0,9.14869466515323,0.0
2020-07-30,440.5,4030.0,9.14869466515323,0.0
2020-07-31,40004.8,182300.235,7.8542336666666746,6.993552102870214
2020-08-03,40004.8,182300.235,7.8542336666666746,6.993552102870214
2020-08-04,266.6666666666667,3482.5,13.910000000000002,2.962482067456274
2020-08-05,266.6666666666667,3482.5,13.910000000000002,2.962482067456274
2020-08-06,5100.0,17151.3,3.363,0.0
2020-08-07,5100.0,17151.3,3.363,0.0
2020-08-10,5100.0,17151.3,3.363,0.0
2020-08-11,5060.0,21195.325,5.017665833333335,1.200668492966062
2020-08-12,25125.0,73631.0,2.93058706467662,0.0
2020-08-13,25125.0,73631.0,2.93058706467662,0.0
2020-08-14,59900.0,261998.84,4.2198909090909105,0.32542339718897906
2020-08-17,1000.0,4160.0,4.16,0.0
2020-08-18,1000.0,4160.0,4.16,0.0
2020-08-19,25213.0,73889.0,2.93059135771716,4.613975847419393e-06
2020-08-20,50040.0,109437.48,2.187,0.0
2020-08-21,50040.0,109437.48,2.187,0.0
2020-08-24,11656.093333333332,45340.9,7.494031215918518,5.4427323259853395
2020-08-25,11656.093333333332,45340.9,7.494031215918518,5.4427323259853395
2020-08-26,11656.093333333332,45340.9,7.494031215918518,5.4427323259853395
2020-08-27,11656.093333333332,45340.9,7.494031215918518,5.4427323259853395
2020-08-28,11656.093333333332,45340.9,7.494031215918518,5.4427323259853395
2020-08-31,11656.093333333332,45340.9,7.494031215918518,5.4427323259853395
2020-09-01,10.415000000000001,46.5,4.46791521486643,0.005132888945895377
2020-09-02,10.415000000000001,46.5,4.46791521486643,0.005132888945895377
2020-09-03,10.415000000000001,46.5,4.46791521486643,0.005132888945895377
2020-09-04,75020.0,295473.33999999997,3.5585,1.6143247814488881
2020-09-07,75020.0,295473.33999999997,3.5585,1.6143247814488881
2020-09-08,3162.38,18449.56,8.98863336003205,7.384524255045544
2020-09-09,2318.7166666666667,9589.65,3.649184006127539,2.2886661086491302
2020-09-10,20000.0,75054.5,3.752725,0.0
2020-09-11,20000.0,75054.5,3.752725,0.0
2020-09-14,50310.0,148593.0,2.95354800238521,0.0
2020-09-15,100000.0,472480.0,4.7248,0.0
2020-09-16,100000.0,472480.0,4.7248,0.0
2020-09-17,100000.0,472480.0,4.7248,0.0
2020-09-18,100000.0,472480.0,4.7248,0.0
2020-09-21,100000.0,472480.0,4.7248,0.0
2020-09-22,300.0,1248.0,4.16,0.0
2020-09-23,300.0,1248.0,4.16,0.0
2020-09-24,48.0,20.0,0.416666666666667,0.0
2020-09-25,2792.49,21572.013333333332,6.450384459875683,4.230155412980949
2020-09-28,2792.49,21572.013333333332,6.450384459875683,4.230155412980949
2020-09-29,2792.49,21572.013333333332,6.450384459875683,4.230155412980949
2020-09-30,1541.0,8547.45,5.183756223006165,2.502986421677137
2020-10-01,1541.0,8547.45,5.183756223006165,2.502986421677137
2020-10-02,6633.333333333333,25200.67,4.5825315686274495,1.1974132496251964
2020-10-05,1064.45,9240.0,8.6805392456198,0.0
2020-10-06,210.0,4041.63,19.2458571428571,0.0
2020-10-07,41828.36666666667,179826.2333333333,9.763234127948257,10.417944372373654
2020-10-08,41828.36666666667,179826.2333333333,9.763234127948257,10.417944372373654
2020-10-09,41828.36666666667,179826.2333333333,9.763234127948257,10.417944372373654
2020-10-12,41828.36666666667,179826.2333333333,9.763234127948257,10.417944372373654
2020-10-13,41828.36666666667,179826.2333333333,9.763234127948257,10.417944372373654
2020-10-14,8389.3,56331.76,8.02508847200974,2.0705901372142783
2020-10-15,8389.3,56331.76,8.02508847200974,2.0705901372142783
2020-10-16,8389.3,56331.76,8.02508847200974,2.0705901372142783
2020-10-19,13109.2,33062.84,4.486472467532467,1.7157993717422522
2020-10-20,13109.2,33062.84,4.486472467532467,1.7157993717422522
2020-10-21,4482.644444444445,15615.027777777777,3.9673529722839636,2.2786675028605123
2020-10-22,40.0,174.0,4.35,0.0
2020-10-23,553.28,6323.2,11.4285714285714,0.0
2020-10-26,553.28,6323.2,11.4285714285714,0.0
2020-10-27,568.85,4995.0,7.97522742233539,4.474439719428619
2020-10-28,568.85,4995.0,7.97522742233539,4.474439719428619
2020-10-29,568.85,4995.0,7.97522742233539,4.474439719428619
2020-10-30,30395.0,64887.46,3.15494668789968,1.0346603937560077
2020-11-02,9990.0,70885.04,7.0955995995996,0.0
2020-11-03,27942.600000000002,138956.59666666665,5.457407239841345,1.5002809266612729
2020-11-04,1558.2366666666667,6147.759999999999,1.778203260558073,2.835785738585584
2020-11-05,13266.666666666666,63861.095,5.17670380787037,1.1226042755759065
2020-11-06,13266.666666666666,63861.095,5.17670380787037,1.1226042755759065
2020-11-09,3732.725,18175.4,5.685113196018225,1.5766880387018203
2020-11-10,3732.725,18175.4,5.685113196018225,1.5766880387018203
2020-11-11,3732.725,18175.4,5.685113196018225,1.5766880387018203
2020-11-12,25147.0,70730.0,2.8126615500855,0.0
2020-11-13,25147.0,70730.0,2.8126615500855,0.0
2020-11-16,25147.0,70730.0,2.8126615500855,0.0
2020-11-17,1772.0,11256.976666666667,9.4571361111111,2.863024680987373
2020-11-18,25000.0,69750.0,2.79,0.2828427124746193
2020-11-19,600.0,5127.44,8.54573333333333,0.0
2020-11-20,600.0,5127.44,8.54573333333333,0.0
2020-11-23,600.0,5127.44,8.54573333333333,0.0
2020-11-24,207.6,1572.5,8.025913129318855,0.6704600822602955
2020-11-25,505.6,2369.6,4.402396216500264,0.7953483568019898
2020-11-26,1118.7,6776.2,6.042539491053735,0.2005942928938682
2020-11-27,20312.5,102039.15,4.18764,1.2195612076480624
2020-11-30,32196.24,155211.614,8.620232500067944,4.346523933689607
2020-12-01,224.5,2838.75,13.224832214765101,2.439281110938827
2020-12-02,41876.25,199788.25,5.24575991989531,1.8821255253012574
2020-12-03,41876.25,199788.25,5.24575991989531,1.8821255253012574
2020-12-04,41876.25,199788.25,5.24575991989531,1.8821255253012574
2020-12-07,401.25,2992.08,7.45689719626168,0.0
2020-12-08,2341.233333333333,10567.300000000001,7.096378029984599,3.7399374888242805
2020-12-09,2341.233333333333,10567.300000000001,7.096378029984599,3.7399374888242805
2020-12-10,2606.8571428571427,12518.184285714286,6.197515704139518,2.8151889069853
2020-12-11,10685.0,45354.23,6.784535423225765,4.0506257096650735
2020-12-14,25320.0,65791.66666666667,2.515416666666667,0.14867294923197477
2020-12-15,25320.0,65791.66666666667,2.515416666666667,0.14867294923197477
2020-12-16,8000.0,54400.64,6.80008,0.0
2020-12-17,25189.0,67210.34,2.66824169280241,0.0
2020-12-18,8000.0,50881.6,6.3602,0.0
2020-12-21,54224.53333333333,267060.43,7.7003009389495345,4.622933298836983
2020-12-22,25000.0,67875.0,2.715,0.0
2020-12-23,743.4,4281.05,5.694979341324251,0.16692494295467689
2020-12-24,7000.0,27625.33,3.94647571428571,0.0
2020-12-25,10100.0,36535.215,5.2185749999999995,2.3102239201536285
2020-12-28,10100.0,36535.215,5.2185749999999995,2.3102239201536285
2020-12-29,13614.5,39028.9,3.088431056975555,0.3669144997702802
2020-12-30,9590.0,39644.4975,4.434852978230808,0.4245032210579598
2020-12-31,9590.0,39644.4975,4.434852978230808,0.4245032210579598
2021-01-01,9590.0,39644.4975,4.434852978230808,0.4245032210579598
2021-01-04,9590.0,39644.4975,4.434852978230808,0.4245032210579598
2021-01-05,25045.25,68415.5,2.7313665362773527,0.1276271934493988
2021-01-06,50040.0,132430.86,2.6464999999999996,0.03464823227814062
2021-01-07,50040.0,132430.86,2.6464999999999996,0.03464823227814062
2021-01-08,25201.0,71268.0,2.82798301654696,0.0
2021-01-11,25201.0,71268.0,2.82798301654696,0.0
2021-01-12,25201.0,71268.0,2.82798301654696,0.0
2021-01-13,25201.0,71268.0,2.82798301654696,0.0
2021-01-14,203.0,2635.26,12.9815763546798,0.0
2021-01-15,203.0,2635.26,12.9815763546798,0.0
2021-01-18,203.0,2635.26,12.9815763546798,0.0
2021-01-19,5540.0,17863.0,5.524673691049788,3.5086963226930648
2021-01-20,5540.0,17863.0,5.524673691049788,3.5086963226930648
2021-01-21,5540.0,17863.0,5.524673691049788,3.5086963226930648
2021-01-22,140000.0,676200.0,4.83,0.0
2021-01-25,140000.0,676200.0,4.83,0.0
2021-01-26,625.0,2298.19,3.677104,0.0
2021-01-27,1797.3,18732.5,10.4225783119123,0.0
2021-01-28,958.3333333333334,4688.0,5.4438596491228,5.695372309454888
2021-01-29,37741.5,114926.5,3.030916396767565,0.06023661834826597
2021-02-01,37741.5,114926.5,3.030916396767565,0.06023661834826597
2021-02-02,3791.25,17008.69,5.115977594278827,2.027724096692836
2021-02-03,3791.25,17008.69,5.115977594278827,2.027724096692836
2021-02-04,7200.0,31414.4,5.327764065934071,1.6935210517579495
2021-02-05,321.0,3347.17,10.4273208722741,0.0
2021-02-08,321.0,3347.17,10.4273208722741,0.0
2021-02-09,98.28,1445.64,14.7094017094017,0.0
2021-02-10,180.0,382.5,2.213541666666665,0.1841423909339993
2021-02-11,8697.75,37726.86,3.5574748794253077,1.5650490702353648
2021-02-12,8697.75,37726.86,3.5574748794253077,1.5650490702353648
2021-02-15,17950.0,49911.54,4.18275283018868,2.5699755937312916
2021-02-16,7364.45,32928.0,4.47120966263604,0.0
2021-02-17,200.0,3029.7650000000003,15.148825,4.284819606617064
2021-02-18,200.0,3029.7650000000003,15.148825,4.284819606617064
2021-02-19,25000.0,62875.0,2.515,0.0
2021-02-22,16974.350000000002,50991.73333333334,4.3640910439775,1.6153187495888028
2021-02-23,16974.350000000002,50991.73333333334,4.3640910439775,1.6153187495888028
2021-02-24,10650.90909090909,29121.769090909092,4.9797878787878815,3.032389051823035
2021-02-25,37520.0,96439.45999999999,2.5564999999999998,0.058689862838483105
2021-02-26,225.0,846.0,3.76,0.0
2021-03-01,225.0,846.0,3.76,0.0
2021-03-02,225.0,846.0,3.76,0.0
2021-03-03,276.64,3161.6,11.4285714285714,0.0
2021-03-04,276.64,3161.6,11.4285714285714,0.0
2021-03-05,25167.0,77548.5,3.081386823119275,0.08982347304325847
2021-03-08,25167.0,77548.5,3.081386823119275,0.08982347304325847
2021-03-09,511.2,4457.6,8.71987480438185,0.0
2021-03-10,511.2,4457.6,8.71987480438185,0.0
2021-03-11,20000.0,86318.09,4.3159045,0.0
2021-03-12,16872.933333333334,43980.65333333333,5.574198882644183,3.5963236061238395
2021-03-15,10213.08,52146.10999999999,9.934344856638067,6.08055905340472
2021-03-16,5899.835,30676.2,5.726562210472824,1.5180702803131263
2021-03-17,800.0,5700.0,7.125,0.0
2021-03-18,1316.5,7961.2,6.04724648689708,0.0
2021-03-19,7488.688888888889,26475.86111111111,4.987044322769681,1.2092756067412929
2021-03-22,19101.986666666668,58004.325000000004,6.551013156412247,5.761694216165488
2021-03-23,19101.986666666668,58004.325000000004,6.551013156412247,5.761694216165488
2021-03-24,4386.666666666667,25790.533333333336,10.056666666666667,6.344780006693167
2021-03-25,400.0,5250.0,13.125,0.0
2021-03-26,197.54,2772.05,12.800301142966951,2.2918704348079317
2021-03-29,22562.616,60689.1,4.244672046889081,3.386217379634595
2021-03-30,951.6,10600.0,11.1391340899538,0.0
2021-03-31,37000.0,156966.8,4.66496,1.0708963572633907
2021-04-01,37000.0,156966.8,4.66496,1.0708963572633907
2021-04-02,37000.0,156966.8,4.66496,1.0708963572633907
2021-04-05,37000.0,156966.8,4.66496,1.0708963572633907
2021-04-06,4780.0,19658.0,3.823168195718653,0.7088401318885833
2021-04-07,3614.0,17156.9,5.784091755760367,1.6817836665438792
2021-04-08,3614.0,17156.9,5.784091755760367,1.6817836665438792
2021-04-09,3614.0,17156.9,5.784091755760367,1.6817836665438792
2021-04-12,25175.0,76757.0,3.04893743793446,0.0
2021-04-13,100.0,246.23,2.4623,0.0
2021-04-14,100.0,246.23,2.4623,0.0
2021-04-15,100.0,246.23,2.4623,0.0
2021-04-16,100.0,246.23,2.4623,0.0
2021-04-19,100.0,246.23,2.4623,0.0
2021-04-20,972.5,3652.0,4.523561643835615,1.2394710098716548
2021-04-21,972.5,3652.0,4.523561643835615,1.2394710098716548
2021-04-22,972.5,3652.0,4.523561643835615,1.2394710098716548
2021-04-23,31290.0,78307.2925,3.161041666666667,1.2741728498868954
2021-04-26,31290.0,78307.2925,3.161041666666667,1.2741728498868954
2021-04-27,25495.0,78954.5,7.33280768569579,6.129002148301502
2021-04-28,12500.0,35227.5,2.8182,0.0
2021-04-29,12500.0,35227.5,2.8182,0.0
2021-04-30,25000.0,73500.0,2.94,0.0
2021-05-03,22980.0,68401.65999999999,4.00930694475922,1.4598134878334388
2021-05-04,37841.5,107926.0,2.8805978537791903,0.12165442973127953
2021-05-05,1084.24,7931.2,12.8563207502374,9.278401685284555
2021-05-06,7500.0,28200.0,3.76,0.0
2021-05-07,4605.925,19372.08625,4.427772431620525,0.8063254240793658
2021-05-10,28073.9,117905.81,4.4886875,0.6078008642845123
2021-05-11,5240.0,31488.0,6.1,0.1414213562373093
2021-05-12,78.1225,282.4,3.90168192918193,0.4172635145720246
2021-05-13,78.1225,282.4,3.90168192918193,0.4172635145720246
2021-05-14,78.1225,282.4,3.90168192918193,0.4172635145720246
2021-05-17,78.1225,282.4,3.90168192918193,0.4172635145720246
2021-05-18,78.1225,282.4,3.90168192918193,0.4172635145720246
2021-05-19,50354.0,145101.0,2.88161814354371,0.0
2021-05-20,100000.0,420000.0,4.2,0.0
2021-05-21,100000.0,420000.0,4.2,0.0
2021-05-24,41686.666666666664,103115.62,2.4735,0.03875241927931721
2021-05-25,234.248,2580.7200000000003,9.7568980559507,5.394868954024749
2021-05-26,468.16,5350.4,11.4285714285714,0.0
2021-05-27,3076.0,20750.0,6.74577373211964,0.0
2021-05-28,25054.0,70587.0,2.8173582965664297,0.008591943682855332
2021-05-31,25054.0,70587.0,2.8173582965664297,0.008591943682855332
2021-06-01,20.0,170.0,8.5,0.0
2021-06-02,758.4000000000001,5982.0,8.056662239929175,0.8823183884327527
2021-06-03,100000.0,410000.0,4.1,0.0
2021-06-04,9000.0,37602.77,4.17808555555556,0.0
2021-06-07,4726.222222222223,25356.274444444443,5.624285380508282,0.9167133656049534
2021-06-08,4726.222222222223,25356.274444444443,5.624285380508282,0.9167133656049534
2021-06-09,129.03199999999998,1318.968,10.407011177239081,1.070396458019718
2021-06-10,4781.25,25959.7775,5.495755334821427,1.2030892608250874
2021-06-11,25135.0,73001.0,2.90435647503481,0.0
2021-06-14,25135.0,73001.0,2.90435647503481,0.0
2021-06-15,25135.0,73001.0,2.90435647503481,0.0
2021-06-16,10250.0,36696.0,3.8628,0.42030427073728405
2021-06-17,10250.0,36696.0,3.8628,0.42030427073728405
2021-06-18,10250.0,36696.0,3.8628,0.42030427073728405
2021-06-21,25212.0,73745.0,2.925014808782155,0.05149467229310705
2021-06-22,25212.0,73745.0,2.925014808782155,0.05149467229310705
2021-06-23,2682.1428571428573,11755.697142857143,5.4525268034875,1.7013195048529817
2021-06-24,12500.0,39375.0,3.15,0.0
2021-06-25,1156.5,9240.0,7.1139604810996495,5.051783867801788
2021-06-28,1156.5,9240.0,7.1139604810996495,5.051783867801788
2021-06-29,1156.5,9240.0,7.1139604810996495,5.051783867801788
2021-06-30,85.5,827.7,8.525,5.480077554195743
2021-07-01,85.5,827.7,8.525,5.480077554195743
2021-07-02,85.5,827.7,8.525,5.480077554195743
2021-07-05,3309.6,12851.316,4.952683733333334,2.255762475063887
2021-07-06,3309.6,12851.316,4.952683733333334,2.255762475063887
2021-07-07,845.0,3802.68,4.50021301775148,0.0
2021-07-08,33518.666666666664,91450.66666666667,2.7359392955550934,0.02708907301536717
2021-07-09,33518.666666666664,91450.66666666667,2.7359392955550934,0.02708907301536717
2021-07-12,33518.666666666664,91450.66666666667,2.7359392955550934,0.02708907301536717
2021-07-13,33518.666666666664,91450.66666666667,2.7359392955550934,0.02708907301536717
2021-07-14,6000.0,24480.0,4.08,0.0
2021-07-15,120000.0,516000.0,4.3,0.0
2021-07-16,120000.0,516000.0,4.3,0.0
2021-07-19,6000.0,20820.0,3.47,0.0
2021-07-20,6925.0,35420.024999999994,5.67131973466003,0.8417277167846275
2021-07-21,10000.0,41662.454999999994,4.233836388888889,0.11948493969939833
2021-07-22,37856.25,103832.225,4.235518854755113,3.055408479096189
2021-07-23,37856.25,103832.225,4.235518854755113,3.055408479096189
2021-07-26,37856.25,103832.225,4.235518854755113,3.055408479096189
2021-07-27,37856.25,103832.225,4.235518854755113,3.055408479096189
2021-07-28,4266.0,16154.466666666667,3.94,0.5505451843400322
2021-07-29,6325.0,35687.1825,5.818525648316649,1.7435017753690079
2021-07-30,47.5,247.0,5.2,0.0
2021-08-02,47.5,247.0,5.2,0.0
2021-08-03,720.0,4040.72,5.61211111111111,0.0
2021-08-04,720.0,4040.72,5.61211111111111,0.0
2021-08-05,9976.285714285714,33901.771428571425,4.3731657897514955,1.336073157514526
2021-08-06,208.0,512.16,2.46230769230769,0.0
2021-08-09,208.0,512.16,2.46230769230769,0.0
2021-08-10,3691.74,60649.305,10.137376443380202,9.018972258586974
2021-08-11,10211.5,35586.8425,4.796788541982847,2.169767741643085
2021-08-12,7585.12,38194.4675,6.703861672932323,3.310888563804271
2021-08-13,381.24,8283.6,21.728045325779,0.0
2021-08-16,1485.0,6177.6,4.16,0.0
2021-08-17,1485.0,6177.6,4.16,0.0
2021-08-18,1485.0,6177.6,4.16,0.0
2021-08-19,1485.0,6177.6,4.16,0.0
2021-08-20,25127.0,67868.0,2.70099892545867,0.0
2021-08-23,5515.0,23968.74,4.129288551943733,0.5737527090109305
2021-08-24,526.936,1538.152,6.1769890311986835,4.9425169875798005
2021-08-25,5197.82,17689.54625,5.0422090485593225,1.8378056665094933
2021-08-26,2240.0,23780.0,10.6160714285714,0.0
2021-08-27,7020.0,25833.6,3.68,0.0
2021-08-30,7020.0,25833.6,3.68,0.0
2021-08-31,8300.0,37263.979999999996,5.57103126684636,1.6701824052662304
2021-09-01,13664.0,41784.736,4.201162042508546,1.3860040644605947
2021-09-02,2500.0,12575.0,5.03,0.0
2021-09-03,2500.0,12575.0,5.03,0.0
2021-09-06,2500.0,12575.0,5.03,0.0
2021-09-07,616.0,2654.5,4.556293103448275,0.5604430815714743
2021-09-08,616.0,2654.5,4.556293103448275,0.5604430815714743
2021-09-09,616.0,2654.5,4.556293103448275,0.5604430815714743
2021-09-10,21627.333333333332,50729.333333333336,3.167513770482626,2.946102299445868
2021-09-13,21627.333333333332,50729.333333333336,3.167513770482626,2.946102299445868
2021-09-14,645.84,9290.246666666666,10.452502894089866,6.837371502011432
2021-09-15,645.84,9290.246666666666,10.452502894089866,6.837371502011432
2021-09-16,12320.0,52968.16,4.29936363636364,0.0
2021-09-17,12320.0,52968.16,4.29936363636364,0.0
2021-09-20,12320.0,52968.16,4.29936363636364,0.0
2021-09-21,10598.25,36426.26,4.01316429765056,0.9178003177725927
2021-09-22,10598.25,36426.26,4.01316429765056,0.9178003177725927
2021-09-23,10598.25,36426.26,4.01316429765056,0.9178003177725927
2021-09-24,964.74,6848.639999999999,7.273601843803441,1.2471887697402622
2021-09-27,60000.0,261000.0,4.35,0.0
2021-09-28,12500.0,52500.0,4.2,0.0
2021-09-29,12994.5,38118.0,4.683733242626755,2.6817261661544944
2021-09-30,20000.0,134282.72,6.714136,0.0
2021-10-01,12950.0,56034.045,4.29039281065089,0.16951161244664673
2021-10-04,10763.37,48552.26,4.478845403933617,0.4353355445653417
2021-10-05,50158.0,142445.0,2.8400274575003,0.24028493931534692
2021-10-06,8.0,68.0,8.5,0.0
2021-10-07,4557.0,30987.6,6.8,0.0
2021-10-08,4557.0,30987.6,6.8,0.0
2021-10-11,7130.2,24506.574,5.574824946234842,2.8830037670796074
2021-10-12,7130.2,24506.574,5.574824946234842,2.8830037670796074
2021-10-13,866.23,8066.0,8.06939897686419,3.1400382971364045
2021-10-14,866.23,8066.0,8.06939897686419,3.1400382971364045
2021-10-15,5954.525,23342.6075,3.8921727301063447,0.4133614669679966
2021-10-18,5954.525,23342.6075,3.8921727301063447,0.4133614669679966
2021-10-19,5954.525,23342.6075,3.8921727301063447,0.4133614669679966
2021-10-20,1975.0,8887.5,4.5,0.0
2021-10-21,5820.0,25465.33,5.195891292238303,1.014393165754404
2021-10-22,1704.0,16525.8,9.69823943661972,0.0
2021-10-25,70000.0,308000.0,4.4,0.0
2021-10-26,4000.0,16965.87,4.2414675,0.0
2021-10-27,4000.0,16965.87,4.2414675,0.0
2021-10-28,4000.0,16965.87,4.2414675,0.0
2021-10-29,4635.958333333333,20336.663333333334,7.889566872812096,4.504060479998669
2021-11-01,4635.958333333333,20336.663333333334,7.889566872812096,4.504060479998669
2021-11-02,4635.958333333333,20336.663333333334,7.889566872812096,4.504060479998669
2021-11-03,2054.7925,13765.43,7.353520081942158,1.3258977187750156
2021-11-04,20904.5,84257.715,4.300146175554286,1.8862956671141888
2021-11-05,12150.0,64881.0,5.34,0.0
2021-11-08,4287.033333333334,21154.656666666666,6.78552677139533,3.8666941959429195
2021-11-09,4287.033333333334,21154.656666666666,6.78552677139533,3.8666941959429195
2021-11-10,1525.5,14173.03,6.63680680868839,4.729911987015815
2021-11-11,1334.4,11896.32,8.91510791366906,0.0
2021-11-12,25174.0,77501.5,3.0787855017338748,0.18756473810617477
2021-11-15,25174.0,77501.5,3.0787855017338748,0.18756473810617477
2021-11-16,25174.0,77501.5,3.0787855017338748,0.18756473810617477
2021-11-17,996.5637499999999,9530.46125,10.874304237186243,5.980829762071766
2021-11-18,16360.0,65208.05,3.98582212713936,0.0
2021-11-19,1287.8999999999999,10142.666666666666,6.398439653418954,2.4402898463067078
2021-11-22,1224.0,5814.0,4.75,0.0
2021-11-23,319.2,3648.0,11.4285714285714,0.0
2021-11-24,2000.0,8400.0,4.2,0.0
2021-11-25,5970.3,34856.352,7.907193673855836,5.064487333776016
2021-11-26,2083.214285714286,9651.890000000001,6.863316234159667,2.901160717288559
2021-11-29,260.0,983.72,3.78353846153846,0.0
2021-11-30,15118.122,43059.752,6.3420693726090125,5.563890524207984
2021-12-01,6330.466666666667,31607.145,5.734100736420494,2.398856376078337
2021-12-02,316.6666666666667,2883.3333333333335,7.8999999999999995,2.515949125081825
2021-12-03,316.6666666666667,2883.3333333333335,7.8999999999999995,2.515949125081825
2021-12-06,316.6666666666667,2883.3333333333335,7.8999999999999995,2.515949125081825
2021-12-07,316.6666666666667,2883.3333333333335,7.8999999999999995,2.515949125081825
2021-12-08,40000.0,174000.0,4.35,0.0
2021-12-09,40000.0,174000.0,4.35,0.0
2021-12-10,6556.33,20197.6875,7.986658385689497,3.4879587890887405
2021-12-13,6556.33,20197.6875,7.986658385689497,3.4879587890887405
2021-12-14,6556.33,20197.6875,7.986658385689497,3.4879587890887405
2021-12-15,6556.33,20197.6875,7.986658385689497,3.4879587890887405
2021-12-16,750.0,3120.0,4.16,0.0
2021-12-17,890.0,4236.0,5.331818181818183,0.7967781196172672
2021-12-20,9985.0,41101.035,4.13728590010406,0.03212258812993578
2021-12-21,6500.5,29740.465,4.621089332931445,0.8379494519758786
2021-12-22,3184.362,12882.880000000001,6.292467004597334,1.9118649042402942
2021-12-23,720.0,3198.0,4.44166666666667,0.0
2021-12-24,720.0,3198.0,4.44166666666667,0.0
2021-12-27,720.0,3198.0,4.44166666666667,0.0
2021-12-28,7117.891428571428,23146.514285714286,4.48543701312937,1.5729388968532945
2021-12-29,15389.056666666665,45561.59666666667,5.62082945855317,4.771367357631186
2021-12-30,2424.0,12334.206666666667,6.733774167631572,3.599766321175393
2021-12-31,872.7,1856.25,2.087253356387305,0.36274103210025155
2022-01-03,12024.460000000001,54626.177,5.277063662252991,1.7976299241552582
2022-01-04,12024.460000000001,54626.177,5.277063662252991,1.7976299241552582
2022-01-05,13864.5,37939.5,3.07956034790897,0.5945914581465603
2022-01-06,26520.0,65037.0,3.255,1.279863273947651
2022-01-07,255.0,4848.53,19.0138431372549,0.0
2022-01-10,255.0,4848.53,19.0138431372549,0.0
2022-01-11,255.0,4848.53,19.0138431372549,0.0
2022-01-12,85.0,306.0,3.6,0.0
2022-01-13,550.0,2110.0,3.74,1.4990663761154803
2022-01-14,550.0,2110.0,3.74,1.4990663761154803
2022-01-17,11373.5,63959.6,12.08625831816525,12.050030553896422
2022-01-18,2850.0,24494.0,8.59438596491228,0.0
2022-01-19,2850.0,24494.0,8.59438596491228,0.0
2022-01-20,25000.0,81225.0,3.249,0.0
2022-01-21,6900.0,29779.36,4.42999258474576,0.2273099615655297
2022-01-24,6900.0,29779.36,4.42999258474576,0.2273099615655297
2022-01-25,146.0,3293.28,22.5567123287671,0.0
2022-01-26,9450.0,45529.145,4.728216145251395,0.1418401688682648
2022-01-27,9450.0,45529.145,4.728216145251395,0.1418401688682648
2022-01-28,9450.0,45529.145,4.728216145251395,0.1418401688682648
2022-01-31,9450.0,45529.145,4.728216145251395,0.1418401688682648
2022-02-01,30617.166666666668,100295.73,4.110882636736903,1.4461512436355215
2022-02-02,30617.166666666668,100295.73,4.110882636736903,1.4461512436355215
2022-02-03,971.81,7835.0,8.602350249584028,2.4607129175350417
2022-02-04,971.81,7835.0,8.602350249584028,2.4607129175350417
2022-02-07,971.81,7835.0,8.602350249584028,2.4607129175350417
2022-02-08,971.81,7835.0,8.602350249584028,2.4607129175350417
2022-02-09,971.81,7835.0,8.602350249584028,2.4607129175350417
2022-02-10,10000.0,65000.0,6.5,0.0
2022-02-11,702.0,7043.75,9.94175925925924,0.5642450222467907
2022-02-14,16950.75,54750.925,5.658587013622853,3.323418133680012
2022-02-15,47.3825,912.455,16.03706168425655,7.840472246380136
2022-02-16,16000.0,65428.78,4.08929875,0.0
2022-02-17,16000.0,65428.78,4.08929875,0.0
2022-02-18,32120.0,68393.41,2.12930915317559,0.0
2022-02-21,32120.0,68393.41,2.12930915317559,0.0
2022-02-22,553.28,6323.2,11.4285714285714,0.0
2022-02-23,553.28,6323.2,11.4285714285714,0.0
2022-02-24,553.28,6323.2,11.4285714285714,0.0
2022-02-25,23793.16,71866.176,5.014562446442293,3.044560698184806
2022-02-28,25020.0,85068.0,3.4,0.0
2022-03-01,25020.0,85068.0,3.4,0.0
2022-03-02,12150.0,64881.0,5.34,0.0
2022-03-03,25200.0,16156.0,0.641111111111111,0.0
2022-03-04,25200.0,16156.0,0.641111111111111,0.0
2022-03-07,9000.0,56766.6,6.3074,0.0
2022-03-08,9000.0,56766.6,6.3074,0.0
2022-03-09,1276.05,6290.96,4.24552214804347,1.5917286865143738
2022-03-10,2166.6666666666665,8489.166666666666,7.101333333333334,2.1303264225622014
2022-03-11,1045.0,9709.925,9.113078358208956,0.8953080002239969
2022-03-14,1045.0,9709.925,9.113078358208956,0.8953080002239969
2022-03-15,18750.4,60559.822,3.9026504413633822,0.8685274656144552
2022-03-16,18750.4,60559.822,3.9026504413633822,0.8685274656144552
2022-03-17,6865.455,28368.33375,5.771526580883735,3.3918474439909487
2022-03-18,6865.455,28368.33375,5.771526580883735,3.3918474439909487
2022-03-21,866.6666666666666,5614.666666666667,8.572222222222234,3.011209305491993
2022-03-22,866.6666666666666,5614.666666666667,8.572222222222234,3.011209305491993
2022-03-23,1519.5,7826.285,4.977528238144187,2.9208982906184846
2022-03-24,9900.0,40909.355,4.282307893258425,0.26592462658333293
2022-03-25,9900.0,40909.355,4.282307893258425,0.26592462658333293
2022-03-28,5381.6,24345.368,5.251352845322178,1.3432843251352924
2022-03-29,25123.0,74449.815,2.96364637456764,0.08835627603453484
2022-03-30,6512.5,37335.7,4.728719081632655,2.049604275044148
2022-03-31,9685.0,39455.200000000004,4.618932966853411,0.9531127812628127
2022-04-01,66.52,450.2,6.823369565217392,1.7696765468130802
2022-04-04,19814.0,99443.76000000001,4.98840654151836,0.9337411367468181
2022-04-05,3937.5,22418.792500000003,5.731646545881127,0.3484923392888738
2022-04-06,3937.5,22418.792500000003,5.731646545881127,0.3484923392888738
2022-04-07,816.5600000000001,5841.4,7.254588744588752,2.984759982238344
2022-04-08,816.5600000000001,5841.4,7.254588744588752,2.984759982238344
2022-04-11,816.5600000000001,5841.4,7.254588744588752,2.984759982238344
2022-04-12,816.5600000000001,5841.4,7.254588744588752,2.984759982238344
2022-04-13,8743.300000000001,25691.22333333334,3.8742541735746934,0.9541700300828018
2022-04-14,3023.3333333333335,13916.68,6.654947417061358,4.482301572714399
2022-04-15,3023.3333333333335,13916.68,6.654947417061358,4.482301572714399
2022-04-18,3023.3333333333335,13916.68,6.654947417061358,4.482301572714399
2022-04-19,7387.0,31786.489999999998,5.463578493386246,1.693345475068661
2022-04-20,9000.0,36340.92,4.03788,0.0
2022-04-21,9000.0,36340.92,4.03788,0.0
2022-04-22,20000.0,77760.0,3.888,0.0
2022-04-25,20000.0,77760.0,3.888,0.0
2022-04-26,25419.0,76898.0,3.5869728634431253,0.8103827481265524
2022-04-27,25419.0,76898.0,3.5869728634431253,0.8103827481265524
2022-04-28,4288.355555555555,21370.08777777778,6.223495562766987,1.9742398927704525
2022-04-29,4288.355555555555,21370.08777777778,6.223495562766987,1.9742398927704525
2022-05-02,4288.355555555555,21370.08777777778,6.223495562766987,1.9742398927704525
2022-05-03,4288.355555555555,21370.08777777778,6.223495562766987,1.9742398927704525
2022-05-04,4288.355555555555,21370.08777777778,6.223495562766987,1.9742398927704525
2022-05-05,810.0,4988.4,6.136666666666665,0.27812866726670665
2022-05-06,810.0,4988.4,6.136666666666665,0.27812866726670665
2022-05-09,810.0,4988.4,6.136666666666665,0.27812866726670665
2022-05-10,6780.285714285715,27310.053571428572,3.4289795382089236,2.1018865262080206
2022-05-11,53.004999999999995,840.8,14.84354529583335,6.374035941710604
2022-05-12,53.004999999999995,840.8,14.84354529583335,6.374035941710604
2022-05-13,648.0,6892.2,10.6361111111111,0.0
2022-05-16,648.0,6892.2,10.6361111111111,0.0
2022-05-17,648.0,6892.2,10.6361111111111,0.0
2022-05-18,575.0,3927.5,7.54,1.3576450198781713
2022-05-19,25927.0,79810.0,6.486872525679735,5.164731070858868
2022-05-20,15660.0,60469.36,3.86138952745849,0.0
2022-05-23,15660.0,60469.36,3.86138952745849,0.0
2022-05-24,446.88,5107.2,11.4285714285714,0.0
2022-05-25,1323.0,7183.35,4.9496365248226954,1.8825965807835199
2022-05-26,9273.333333333334,37248.863333333335,4.66243673599708,1.1809903066084453
2022-05-27,9273.333333333334,37248.863333333335,4.66243673599708,1.1809903066084453
2022-05-30,9273.333333333334,37248.863333333335,4.66243673599708,1.1809903066084453
2022-05-31,9273.333333333334,37248.863333333335,4.66243673599708,1.1809903066084453
2022-06-01,7000.0,29370.0,4.18,0.02828427124746224
2022-06-02,7000.0,29370.0,4.18,0.02828427124746224
2022-06-03,240.0,1389.6,5.79,0.0
2022-06-06,7920.0,29316.943333333333,4.417525563969515,1.0828857121546245
2022-06-07,9145.0,32668.6,4.719718149753525,1.7225371495648834
2022-06-08,9145.0,32668.6,4.719718149753525,1.7225371495648834
2022-06-09,9145.0,32668.6,4.719718149753525,1.7225371495648834
2022-06-10,9145.0,32668.6,4.719718149753525,1.7225371495648834
2022-06-13,9145.0,32668.6,4.719718149753525,1.7225371495648834
2022-06-14,50351.333333333336,139851.66666666666,2.777538619962963,0.07135640482936208
2022-06-15,7500.0,34750.0,4.63333333333333,0.0
2022-06-16,26335.0,69943.6425,3.4391961370297723,0.8663506005149645
2022-06-17,26335.0,69943.6425,3.4391961370297723,0.8663506005149645
2022-06-20,26335.0,69943.6425,3.4391961370297723,0.8663506005149645
2022-06-21,26335.0,69943.6425,3.4391961370297723,0.8663506005149645
2022-06-22,12500.0,102500.0,8.2,0.0
2022-06-23,16943.84,56693.412,5.577812348056284,3.0770086063593567
2022-06-24,6992.5,25784.70166666667,4.190396093233711,0.742350607152911
2022-06-27,6992.5,25784.70166666667,4.190396093233711,0.742350607152911
2022-06-28,6992.5,25784.70166666667,4.190396093233711,0.742350607152911
2022-06-29,107.35,1725.31,16.0718211457848,0.0
2022-06-30,107.35,1725.31,16.0718211457848,0.0
2022-07-01,107.35,1725.31,16.0718211457848,0.0
2022-07-04,107.35,1725.31,16.0718211457848,0.0
2022-07-05,107.35,1725.31,16.0718211457848,0.0
2022-07-06,25389.0,67089.5,4.348815033514205,2.476549529828085
2022-07-07,148.96,1702.4,11.4285714285714,0.0
2022-07-08,25189.0,63276.0,2.5120489102386,0.0
2022-07-11,6352.666666666667,29792.496666666662,4.969930807237853,0.4669995790146524
2022-07-12,2057.55,8338.56,3.995754640839385,0.1757094719868581
2022-07-13,320.0,2792.0,8.725,0.0
2022-07-14,12500.0,81250.0,6.5,0.0
2022-07-15,12500.0,81250.0,6.5,0.0
2022-07-18,12500.0,81250.0,6.5,0.0
2022-07-19,500.0,2180.0,4.36,0.0
2022-07-20,2654.6666666666665,12017.04,4.36950319664903,0.5861327188104122
2022-07-21,2654.6666666666665,12017.04,4.36950319664903,0.5861327188104122
2022-07-22,13068.49,39402.6025,8.437452383848296,5.897630549749827
2022-07-25,13068.49,39402.6025,8.437452383848296,5.897630549749827
2022-07-26,617.5,3741.0,6.405,2.5351068353555966
2022-07-27,617.5,3741.0,6.405,2.5351068353555966
2022-07-28,617.5,3741.0,6.405,2.5351068353555966
2022-07-29,617.5,3741.0,6.405,2.5351068353555966
2022-08-01,617.5,3741.0,6.405,2.5351068353555966
2022-08-02,6088.666666666667,30376.38,4.972842547706842,1.1161462373006243
2022-08-03,25039.0,67930.85,2.71300171732098,0.0
2022-08-04,25039.0,67930.85,2.71300171732098,0.0
2022-08-05,881.0,8720.0,9.89784335981839,0.0
2022-08-08,4778.900000000001,20953.196666666667,4.8465204365414705,0.7026865305320279
2022-08-09,4778.900000000001,20953.196666666667,4.8465204365414705,0.7026865305320279
2022-08-10,4778.900000000001,20953.196666666667,4.8465204365414705,0.7026865305320279
2022-08-11,4778.900000000001,20953.196666666667,4.8465204365414705,0.7026865305320279
2022-08-12,20000.0,72782.58,3.639129,0.0
2022-08-15,28103.5,113894.705,9.871662552151049,10.401465445749533
2022-08-16,28103.5,113894.705,9.871662552151049,10.401465445749533
2022-08-17,25120.0,59784.4,2.5816666666666666,0.35218366420567193
2022-08-18,6155.666666666667,32848.88,7.635392067645704,3.836018335359541
2022-08-19,6155.666666666667,32848.88,7.635392067645704,3.836018335359541
2022-08-22,9433.5,26453.495,5.799007128917918,4.004015635420805
2022-08-23,9433.5,26453.495,5.799007128917918,4.004015635420805
2022-08-24,9433.5,26453.495,5.799007128917918,4.004015635420805
2022-08-25,12.9,245.63666666666666,13.418491452991466,6.893093414943872
2022-08-26,500.0,5122.0,10.244,0.0
2022-08-29,500.0,5122.0,10.244,0.0
2022-08-30,500.0,5122.0,10.244,0.0
2022-08-31,7218.110000000001,19927.92,5.6892702448211,3.324042980033342
2022-09-01,6735.9,24850.492,6.656160912162264,6.5223798770534005
2022-09-02,20000.0,73899.3,3.694965,0.0
2022-09-05,16354.0,41496.29,2.205260277777778,2.1067606220979105
2022-09-06,25119.0,60561.39750000001,4.1158704792967775,3.193536113403885
2022-09-07,640.0,4835.0,8.250555555555566,3.6763660852250157
2022-09-08,640.0,4835.0,8.250555555555566,3.6763660852250157
2022-09-09,27.0,101.08,3.7437037037037,0.0
2022-09-12,27.0,101.08,3.7437037037037,0.0
2022-09-13,27.0,101.08,3.7437037037037,0.0
2022-09-14,27.0,101.08,3.7437037037037,0.0
2022-09-15,27.0,101.08,3.7437037037037,0.0
2022-09-16,2421.025,17024.665,6.751042110187715,1.8653134271880512
2022-09-19,2421.025,17024.665,6.751042110187715,1.8653134271880512
2022-09-20,2421.025,17024.665,6.751042110187715,1.8653134271880512
2022-09-21,9214.166666666666,43625.34,5.566269247341688,1.945355949413038
2022-09-22,1599.0,34208.92,21.3939462163852,0.0
2022-09-23,1599.0,34208.92,21.3939462163852,0.0
2022-09-26,15481.4,40677.058,6.181615461605624,3.6456487759702525
2022-09-27,15481.4,40677.058,6.181615461605624,3.6456487759702525
2022-09-28,15481.4,40677.058,6.181615461605624,3.6456487759702525
2022-09-29,1516.0,11665.0,9.1642857142857,3.202183566230488
2022-09-30,12600.0,8078.0,0.641111111111111,0.0
2022-10-03,4360.9,20154.922,5.687979554481796,1.4230375388270644
2022-10-04,640.8,3434.4,5.35955056179775,0.0
2022-10-05,93.24,1396.08,14.972972972973,0.0
2022-10-06,7.65,24.3,1.769055944055945,2.2896908743246924
2022-10-07,1500.125,6540.89,5.74,1.951614716074871
2022-10-10,1500.125,6540.89,5.74,1.951614716074871
2022-10-11,1500.125,6540.89,5.74,1.951614716074871
2022-10-12,444.41833333333335,7669.611666666667,15.97448344506698,7.186499394713314
2022-10-13,444.41833333333335,7669.611666666667,15.97448344506698,7.186499394713314
2022-10-14,4080.48,12972.20375,5.120509837630786,2.07719979388989
2022-10-17,4080.48,12972.20375,5.120509837630786,2.07719979388989
2022-10-18,4080.48,12972.20375,5.120509837630786,2.07719979388989
2022-10-19,4080.48,12972.20375,5.120509837630786,2.07719979388989
2022-10-20,7401.25,18608.27,2.7173629318866417,1.3221257556362227
2022-10-21,7401.25,18608.27,2.7173629318866417,1.3221257556362227
2022-10-24,7401.25,18608.27,2.7173629318866417,1.3221257556362227
2022-10-25,25109.0,63202.06,2.51710780994862,0.0
2022-10-26,2206.0,9536.4,5.490570175438595,2.8150913389606522
2022-10-27,568.0,5110.4,8.99718309859155,0.0
2022-10-28,568.0,5110.4,8.99718309859155,0.0
2022-10-31,568.0,5110.4,8.99718309859155,0.0
2022-11-01,20000.0,81403.39,4.0701695,0.0
2022-11-02,4491.0,15423.1725,3.8475176053372677,1.102378592774847
2022-11-03,8335.0,32059.89,3.95685944107914,0.22387461348895848
2022-11-04,2250.0,9810.0,4.36,0.0
2022-11-07,2250.0,9810.0,4.36,0.0
2022-11-08,2250.0,9810.0,4.36,0.0
2022-11-09,2250.0,9810.0,4.36,0.0
2022-11-10,8435.0,26001.340000000004,4.759003125790214,1.8728504176499865
2022-11-11,8435.0,26001.340000000004,4.759003125790214,1.8728504176499865
2022-11-14,5122.5,24624.6925,6.34479151476794,3.5780479312772053
2022-11-15,5122.5,24624.6925,6.34479151476794,3.5780479312772053
2022-11-16,19000.0,70452.70999999999,3.70803736842105,0.216304708687893
2022-11-17,19000.0,70452.70999999999,3.70803736842105,0.216304708687893
2022-11-18,703.88,4595.400000000001,9.063357152069374,5.206403373631216
2022-11-21,15650.0,38039.84,2.1565422459893053,1.989151120328789
2022-11-22,643.2,3900.0,6.06343283582089,0.0
2022-11-23,643.2,3900.0,6.06343283582089,0.0
2022-11-24,25169.0,62316.57,2.47592554332711,0.0
2022-11-25,25169.0,62316.57,2.47592554332711,0.0
2022-11-28,3814.4285714285716,13139.17857142857,2.7499245411284847,2.241445794350839
2022-11-29,25189.0,61527.43,2.442630910318,0.0
2022-11-30,12569.5,31700.765,12.46310863743555,14.194307889004019
2022-12-01,612.0,6197.3,10.06459064327485,0.7418832024133194
2022-12-02,699.6666666666666,5598.0,9.751122278056966,2.825243576395023
2022-12-05,699.6666666666666,5598.0,9.751122278056966,2.825243576395023
2022-12-06,25089.0,64424.9,2.56785443820001,0.0
2022-12-07,8028.5,38315.0,4.81656495457189,0.07075390078079516
2022-12-08,3878.693333333333,18451.696666666667,8.86118582491582,5.545422672475451
2022-12-09,3878.693333333333,18451.696666666667,8.86118582491582,5.545422672475451
2022-12-12,7219.166666666667,30473.646666666664,7.972759056833584,3.6880414044743897
2022-12-13,1070.0,13562.0,12.6747663551402,0.0
2022-12-14,6396.475,17937.9275,11.807281159430625,6.1881436196616235
2022-12-15,7522.2,39644.52,4.69689347573903,0.81585057743469
2022-12-16,20.0,240.0,12.0,0.0
2022-12-19,328.96888888888884,4636.6322222222225,14.961492236615689,2.267484439674322
2022-12-20,7378.166666666667,24089.666666666668,4.724180738061012,1.669317565208544
2022-12-21,12500.0,51250.0,4.1,0.0
2022-12-22,1142.9,5869.385,4.08095524082344,2.177157763948917
2022-12-23,640.8,3720.0,5.80524344569288,0.0
2022-12-26,20000.0,76966.7,3.848335,0.0
2022-12-27,17262.3,50417.524999999994,5.340757737363695,4.696907140863302
2022-12-28,6681.6275,16448.305,2.664811263404255,0.14808122135257484
2022-12-29,16250.0,82479.23999999999,4.776462,1.8334741435013477
2022-12-30,6518.783333333333,30428.12833333333,4.564181178385469,1.6742264841628807
2023-01-02,12852.5,33693.26,2.40100959327647,0.32650048129954534
2023-01-03,465.0,3582.0,8.184285714285714,1.9172695295600939
2023-01-04,6002.4,42036.0,7.0031987205118,0.0
2023-01-05,6002.4,42036.0,7.0031987205118,0.0
2023-01-06,6002.4,42036.0,7.0031987205118,0.0
2023-01-09,6002.4,42036.0,7.0031987205118,0.0
2023-01-10,6002.4,42036.0,7.0031987205118,0.0
2023-01-11,1475.8,11380.0,8.3341361916772,2.480723192519387
2023-01-12,12000.0,38496.0,3.208,0.0
2023-01-13,1920.0,12010.0,8.4213888888889,3.7210714120672033
2023-01-16,1920.0,12010.0,8.4213888888889,3.7210714120672033
2023-01-17,1920.0,12010.0,8.4213888888889,3.7210714120672033
2023-01-18,13594.99142857143,39010.99714285714,3.7308036835168643,3.782232753357042
2023-01-19,13594.99142857143,39010.99714285714,3.7308036835168643,3.782232753357042
2023-01-20,13594.99142857143,39010.99714285714,3.7308036835168643,3.782232753357042
2023-01-23,13594.99142857143,39010.99714285714,3.7308036835168643,3.782232753357042
2023-01-24,24939.0,62838.24,2.51967761337664,0.0
2023-01-25,24939.0,62838.24,2.51967761337664,0.0
2023-01-26,6000.0,26904.2,4.48403333333333,0.0
2023-01-27,6000.0,26904.2,4.48403333333333,0.0
2023-01-30,6000.0,26904.2,4.48403333333333,0.0
2023-01-31,25039.0,66451.92,2.65393665881225,0.0
2023-02-01,25039.0,66451.92,2.65393665881225,0.0
2023-02-02,25039.0,66451.92,2.65393665881225,0.0
2023-02-03,20000.0,100777.26,5.038863,0.0
2023-02-06,10774.866666666667,34889.933333333334,4.196678581469136,1.3895963619252032
2023-02-07,136.66666666666666,1292.2666666666667,8.280444444444434,3.603679683220915
2023-02-08,5733.333333333333,24795.60666666667,5.669524970238096,1.3008673481638149
2023-02-09,5733.333333333333,24795.60666666667,5.669524970238096,1.3008673481638149
2023-02-10,5733.333333333333,24795.60666666667,5.669524970238096,1.3008673481638149
2023-02-13,24889.0,67278.69,2.70314958415364,0.0
2023-02-14,24889.0,67278.69,2.70314958415364,0.0
2023-02-15,524.0,5094.2,9.72175572519084,0.0
2023-02-16,524.0,5094.2,9.72175572519084,0.0
2023-02-17,110.0,28.0,0.254545454545455,0.0
2023-02-20,110.0,28.0,0.254545454545455,0.0
2023-02-21,110.0,28.0,0.254545454545455,0.0
2023-02-22,25004.0,66459.8,2.658218372136565,0.06136884077652023
2023-02-23,25004.0,66459.8,2.658218372136565,0.06136884077652023
2023-02-24,25004.0,66459.8,2.658218372136565,0.06136884077652023
2023-02-27,5790.488888888889,29381.11888888889,5.232499087189249,1.715161129611869
2023-02-28,2034.45,9331.86,4.14109688905199,1.3223023411219101
2023-03-01,37608.5,98865.505,2.64591052773209,0.07242740380342759
2023-03-02,70000.0,311500.0,4.45,0.0
2023-03-03,70000.0,311500.0,4.45,0.0
2023-03-06,70000.0,311500.0,4.45,0.0
2023-03-07,14064.5,40125.245,3.41083946834335,1.002904441768549
2023-03-08,14064.5,40125.245,3.41083946834335,1.002904441768549
2023-03-09,14064.5,40125.245,3.41083946834335,1.002904441768549
2023-03-10,3378.85,15307.7775,3.8764435322462676,0.926154008402887
2023-03-13,3378.85,15307.7775,3.8764435322462676,0.926154008402887
2023-03-14,3378.85,15307.7775,3.8764435322462676,0.926154008402887
2023-03-15,3378.85,15307.7775,3.8764435322462676,0.926154008402887
2023-03-16,3378.85,15307.7775,3.8764435322462676,0.926154008402887
2023-03-17,3378.85,15307.7775,3.8764435322462676,0.926154008402887
2023-03-20,5200.7,24917.12,7.4930517598343735,3.93216587669639
2023-03-21,5200.7,24917.12,7.4930517598343735,3.93216587669639
2023-03-22,80000.0,332000.0,4.15,0.0
2023-03-23,25109.0,69715.14,2.77650005973954,0.0
2023-03-24,912.35,10678.24,11.7041047843481,0.0
2023-03-27,36760.75,162720.55,4.731619170984455,1.8809452075306767
2023-03-28,50428.0,143387.7,2.8434143729674,0.0
2023-03-29,50428.0,143387.7,2.8434143729674,0.0
2023-03-30,25209.0,71497.77,2.83620016660716,0.0
2023-03-31,25209.0,71497.77,2.83620016660716,0.0
2023-04-03,3508.4,14604.08799999996,6.0341826737011095,2.6174033625049584
2023-04-04,2991.0,7001.1499999999,2.34073888331658,0.0
2023-04-05,20000.0,123140.16,6.157008,0.0
2023-04-06,2520.675714285714,10503.081428571286,3.6780619092802715,1.8398890738290463
2023-04-07,2520.675714285714,10503.081428571286,3.6780619092802715,1.8398890738290463
2023-04-10,2520.675714285714,10503.081428571286,3.6780619092802715,1.8398890738290463
2023-04-11,5423.0199999999995,31124.50666666632,11.7621786582911,5.268392920371896
2023-04-12,1304.0,4610.3999999999,3.53558282208581,0.0
2023-04-13,1304.0,4610.3999999999,3.53558282208581,0.0
2023-04-14,50.0,20.0,0.4,0.0
2023-04-17,50.0,20.0,0.4,0.0
2023-04-18,50.0,20.0,0.4,0.0
2023-04-19,8059.6433333333325,36175.316666666644,6.446762695526659,1.737835418340359
2023-04-20,8059.6433333333325,36175.316666666644,6.446762695526659,1.737835418340359
2023-04-21,8059.6433333333325,36175.316666666644,6.446762695526659,1.737835418340359
2023-04-24,8059.6433333333325,36175.316666666644,6.446762695526659,1.737835418340359
2023-04-25,12652.0,36072.5149999995,5.762292883009365,4.174748298019159
2023-04-26,12504.5,39800.0,3.1828541724979,0.0
2023-04-27,395.0,2151.2,5.464313725490195,0.18523424699318516
2023-04-28,2753.248333333333,20021.883333333335,9.792827966425799,2.075638043251852
2023-05-01,9924.875,38159.405,6.7466883048119515,3.1178921137037783
2023-05-02,9924.875,38159.405,6.7466883048119515,3.1178921137037783
2023-05-03,40000.0,186000.0,4.65,0.0
2023-05-04,40000.0,186000.0,4.65,0.0
2023-05-05,11000.0,49500.0,4.5,0.0
2023-05-08,11000.0,49500.0,4.5,0.0
2023-05-09,225.1925,370.2,1.7460360369690238,0.6754054969279392
2023-05-10,225.1925,370.2,1.7460360369690238,0.6754054969279392
2023-05-11,225.1925,370.2,1.7460360369690238,0.6754054969279392
2023-05-12,5000.0,23500.0,4.7,0.0
2023-05-15,5000.0,23500.0,4.7,0.0
2023-05-16,6107.977777777778,24832.53888888889,13.237966302406496,6.890150649528074
2023-05-17,8407.2,48987.8,11.103959999999985,9.516771034271816
2023-05-18,8407.2,48987.8,11.103959999999985,9.516771034271816
2023-05-19,8407.2,48987.8,11.103959999999985,9.516771034271816
2023-05-22,8407.2,48987.8,11.103959999999985,9.516771034271816
2023-05-23,8407.2,48987.8,11.103959999999985,9.516771034271816
2023-05-24,42589.5,163436.73,3.55225008936018,0.9867673867714485
2023-05-25,42589.5,163436.73,3.55225008936018,0.9867673867714485
2023-05-26,2000.0,20000.0,10.0,0.0
2023-05-29,36120.0,74461.35,2.06149916943522,0.0
2023-05-30,36120.0,74461.35,2.06149916943522,0.0
2023-05-31,310.6666666666667,2271.3333333333335,4.9803675856307565,5.898570695088498
2023-06-01,25860.4,82203.70999999999,6.17679669843646,4.470270244474492
2023-06-02,25860.4,82203.70999999999,6.17679669843646,4.470270244474492
2023-06-05,3458.181818181818,17580.30909090909,4.732225984944316,1.750914296481855
2023-06-06,161.28,1200.0,7.44047619047619,0.0
2023-06-07,726.0,1458.0,2.00826446280992,0.0
2023-06-08,4526.2,23907.016666666666,4.904657334499853,0.47381788959884574
2023-06-09,10320.0,40612.11,3.0515429999999997,1.3324267636339342
2023-06-12,70000.0,314000.0,4.475,0.03535533905932694
2023-06-13,70000.0,314000.0,4.475,0.03535533905932694
2023-06-14,25619.0,79754.68,3.63348471276723,0.7658182634369455
2023-06-15,6000.0,18180.0,3.03,0.0
2023-06-16,6000.0,18180.0,3.03,0.0
2023-06-19,6000.0,18180.0,3.03,0.0
2023-06-20,6000.0,24180.0,4.03,0.0
2023-06-21,6000.0,24180.0,4.03,0.0
2023-06-22,12500.0,38750.0,3.1,0.0
2023-06-23,12500.0,38750.0,3.1,0.0
2023-06-26,636.6666666666666,3184.7999999999997,6.505660377358491,2.4982253865253377
2023-06-27,5500.0,26400.0,4.8,0.0
2023-06-28,10551.224,35706.082,3.117820946031746,2.4512486655075048
2023-06-29,10551.224,35706.082,3.117820946031746,2.4512486655075048
2023-06-30,10551.224,35706.082,3.117820946031746,2.4512486655075048
2023-07-03,10551.224,35706.082,3.117820946031746,2.4512486655075048
2023-07-04,10551.224,35706.082,3.117820946031746,2.4512486655075048
2023-07-05,10551.224,35706.082,3.117820946031746,2.4512486655075048
2023-07-06,10551.224,35706.082,3.117820946031746,2.4512486655075048
2023-07-07,10551.224,35706.082,3.117820946031746,2.4512486655075048
2023-07-10,14346.528571428571,51085.12857142858,5.887565085935047,3.026390645115205
2023-07-11,25079.0,78810.76,3.142500099685,0.0
2023-07-12,25079.0,78810.76,3.142500099685,0.0
2023-07-13,25079.0,78810.76,3.142500099685,0.0
2023-07-14,25079.0,78810.76,3.142500099685,0.0
2023-07-17,25079.0,78810.76,3.142500099685,0.0
2023-07-18,916.9533333333333,8855.186666666666,9.011060493480876,1.3601738931906342
2023-07-19,1378.605,3836.5,2.7828893726692403,1.047583752112038e-05
2023-07-20,1378.605,3836.5,2.7828893726692403,1.047583752112038e-05
2023-07-21,1378.605,3836.5,2.7828893726692403,1.047583752112038e-05
2023-07-24,16747.714285714286,74506.9,5.311438420407598,2.814061725874186
2023-07-25,153.0,150.0,0.981902194840202,0.054455662779097795
2023-07-26,25249.0,79637.87,3.15409996435502,0.0
2023-07-27,25249.0,79637.87,3.15409996435502,0.0
2023-07-28,18692.3,82768.204,5.179272597288113,1.3089113738145846
2023-07-31,18692.3,82768.204,5.179272597288113,1.3089113738145846
2023-08-01,708.0,6324.879999999999,9.870101061427295,3.3979634711110527
2023-08-02,708.0,6324.879999999999,9.870101061427295,3.3979634711110527
2023-08-03,708.0,6324.879999999999,9.870101061427295,3.3979634711110527
2023-08-04,708.0,6324.879999999999,9.870101061427295,3.3979634711110527
2023-08-07,708.0,6324.879999999999,9.870101061427295,3.3979634711110527
2023-08-08,708.0,6324.879999999999,9.870101061427295,3.3979634711110527
2023-08-09,5600.0,30597.735,5.46388125,0.0
2023-08-10,5600.0,30597.735,5.46388125,0.0
2023-08-11,37678.5,135665.925,3.5842241378716153,0.06961316198342131
2023-08-14,483.84,4905.6,10.1388888888889,0.0
2023-08-15,483.84,4905.6,10.1388888888889,0.0
2023-08-16,2495.316,25464.622,11.523243064791092,5.100485571247072
2023-08-17,2495.316,25464.622,11.523243064791092,5.100485571247072
2023-08-18,2495.316,25464.622,11.523243064791092,5.100485571247072
2023-08-21,2495.316,25464.622,11.523243064791092,5.100485571247072
2023-08-22,2495.316,25464.622,11.523243064791092,5.100485571247072
2023-08-23,1209.6,15217.72,12.580787037037,0.0
2023-08-24,25049.0,89790.65,3.58460018364007,0.0
2023-08-25,5115.428571428572,20512.809999999998,4.615298863000154,1.8226265422176242
2023-08-28,146.0,1115.2700000000002,10.802836458333333,14.20190529754987
2023-08-29,146.0,1115.2700000000002,10.802836458333333,14.20190529754987
2023-08-30,52.2,186.435,3.571551724137935,2.7892788757494635
2023-08-31,52.2,186.435,3.571551724137935,2.7892788757494635
2023-09-01,9380.0,42044.07,5.34859642935378,1.2940953120414351
2023-09-04,25000.0,96250.0,3.85,0.0
2023-09-05,392.8,4041.38,9.535614128071336,2.1878207074101486
2023-09-06,392.8,4041.38,9.535614128071336,2.1878207074101486
2023-09-07,8991.0,43260.86,4.4926632996633,0.4592829170022086
2023-09-08,8991.0,43260.86,4.4926632996633,0.4592829170022086
2023-09-11,15.0,160.19,10.6793333333333,0.0
2023-09-12,1573.5,8403.95,5.4004034608378895,1.8006660941537063
2023-09-13,16049.5,61243.3,3.953800071887855,0.34817927739147675
2023-09-14,6910.0,35546.16,5.567857019363764,0.8410245859255334
2023-09-15,6910.0,35546.16,5.567857019363764,0.8410245859255334
2023-09-18,1876.0766666666668,10208.550000000001,8.093764364619245,4.694285429453234
2023-09-19,4127.2,15319.536666666667,5.799475185185184,2.2345339728984093
2023-09-20,82.92,200.0,2.41196333815726,0.0
2023-09-21,1670.68,15112.58,9.04576579596332,0.0
2023-09-22,19800.0,108759.555,5.485242602040815,1.0730450027447989
2023-09-25,13017.9,52172.875,6.9461945144472494,4.515151684847667
2023-09-26,3519.193333333333,16619.781666666484,6.11223153954796,1.8182405854958958
2023-09-27,3519.193333333333,16619.781666666484,6.11223153954796,1.8182405854958958
2023-09-28,3519.193333333333,16619.781666666484,6.11223153954796,1.8182405854958958
2023-09-29,3519.193333333333,16619.781666666484,6.11223153954796,1.8182405854958958
2023-10-02,3519.193333333333,16619.781666666484,6.11223153954796,1.8182405854958958
2023-10-03,600.0,4125.81,6.87635,0.0
2023-10-04,24959.0,92849.979999999,3.72010016426936,0.0
2023-10-05,24959.0,92849.979999999,3.72010016426936,0.0
2023-10-06,2452.902857142857,11319.881428571272,7.126131882568444,3.3172499969903577
2023-10-09,2078.225,15392.691666666316,11.320908149623142,5.246886250543696
2023-10-10,2938.4,23854.9,8.91219237832875,1.7348108421499142
2023-10-11,404.32,4736.3199999999,11.7142857142855,0.0
2023-10-12,25099.0,92856.259999999,3.69959998406307,0.0
2023-10-13,25099.0,92856.259999999,3.69959998406307,0.0
2023-10-16,8429.666666666666,31816.350000000002,7.583866634906769,4.155081373267016
2023-10-17,8429.666666666666,31816.350000000002,7.583866634906769,4.155081373267016
2023-10-18,2908.9775,34618.49999999998,10.19862356756221,3.367594795813378
2023-10-19,2908.9775,34618.49999999998,10.19862356756221,3.367594795813378
2023-10-20,2908.9775,34618.49999999998,10.19862356756221,3.367594795813378
2023-10-23,2908.9775,34618.49999999998,10.19862356756221,3.367594795813378
2023-10-24,600.0,3744.0,6.24,0.0
2023-10-25,18650.0,74891.779999999,4.01564504021442,0.0
2023-10-26,18650.0,74891.779999999,4.01564504021442,0.0
2023-10-27,18650.0,74891.779999999,4.01564504021442,0.0
2023-10-30,18650.0,74891.779999999,4.01564504021442,0.0
2023-10-31,15214.375,76623.88999999997,9.499504527559,3.120734570860139
2023-11-01,50298.0,187124.15,3.72030995268201,0.0
2023-11-02,4800.0,24376.0,4.416666666666665,1.8714759475403981
2023-11-03,4800.0,24376.0,4.416666666666665,1.8714759475403981
2023-11-06,4800.0,24376.0,4.416666666666665,1.8714759475403981
2023-11-07,4800.0,24376.0,4.416666666666665,1.8714759475403981
2023-11-08,25109.0,94819.12,3.77630013142698,0.0
2023-11-09,673.6133333333333,6228.356666666667,8.28698355480546,2.4126104261254167
2023-11-10,673.6133333333333,6228.356666666667,8.28698355480546,2.4126104261254167
2023-11-13,187.5,2482.25,11.53,3.2951176003293114
2023-11-14,187.5,2482.25,11.53,3.2951176003293114
2023-11-15,187.5,2482.25,11.53,3.2951176003293114
2023-11-16,187.5,2482.25,11.53,3.2951176003293114
2023-11-17,1042.5333333333333,10266.1,9.51665870011974,1.4112562068111394
2023-11-20,6989.6,36364.922,5.466107341882788,0.5286948964454531
2023-11-21,5738.0,31401.355,5.407049490440115,3.1215222364392163
2023-11-22,120000.0,594000.0,4.95,0.0
2023-11-23,120000.0,594000.0,4.95,0.0
2023-11-24,120000.0,594000.0,4.95,0.0
2023-11-27,3110.0,20641.8,6.11724745762712,1.4205032172674479
2023-11-28,3110.0,20641.8,6.11724745762712,1.4205032172674479
2023-11-29,80.0,1012.2999999999998,13.062,1.4142194843799885
2023-11-30,79.8,828.72,10.66142191142193,2.1498164227279988
2023-12-01,378.1266666666667,6708.036666666667,14.385909685899927,5.0603361269682345
2023-12-04,8752.714285714286,43504.62357142857,7.297217461769516,3.8615167343883234
2023-12-05,8752.714285714286,43504.62357142857,7.297217461769516,3.8615167343883234
2023-12-06,8752.714285714286,43504.62357142857,7.297217461769516,3.8615167343883234
2023-12-07,8752.714285714286,43504.62357142857,7.297217461769516,3.8615167343883234
2023-12-08,8752.714285714286,43504.62357142857,7.297217461769516,3.8615167343883234
2023-12-11,8752.714285714286,43504.62357142857,7.297217461769516,3.8615167343883234
2023-12-12,3987.9661538461537,20510.1,7.0044809665429275,3.0564465100201343
2023-12-13,712.66,7090.099999999999,11.627592964650612,2.514430380612537
2023-12-14,17339.5,78249.26000000001,5.07414478648665,1.7559507562832886
2023-12-15,64.596,1110.626,17.195135814774698,0.002770269129894072
2023-12-18,64.596,1110.626,17.195135814774698,0.002770269129894072
2023-12-19,8109.25,44327.3,6.42518449981229,3.0849582268146407
2023-12-20,4861.116666666667,21342.913333333334,8.175171007724103,5.763419308007534
2023-12-21,6941.5,37001.64333333333,6.6476598714104265,2.4035008098440027
2023-12-22,6941.5,37001.64333333333,6.6476598714104265,2.4035008098440027
2023-12-25,6941.5,37001.64333333333,6.6476598714104265,2.4035008098440027
2023-12-26,6941.5,37001.64333333333,6.6476598714104265,2.4035008098440027
2023-12-27,20000.0,94484.71,4.7242355,0.0
2023-12-28,20000.0,94484.71,4.7242355,0.0
2023-12-29,2198.657142857143,13662.787142857143,4.969581311455611,1.8342014536255358
2024-01-01,2198.657142857143,13662.787142857143,4.969581311455611,1.8342014536255358
2024-01-02,2198.657142857143,13662.787142857143,4.969581311455611,1.8342014536255358
2024-01-03,3306.5866666666666,16045.556666666665,6.996715428705365,3.9064282953666085
2024-01-04,9490.0,45971.585,5.527787402597401,1.0204860377547853
2024-01-05,31812.333333333332,137146.86000000002,4.40169055095307,0.37551047943313826
2024-01-08,867.9440000000001,6398.063999999999,8.282915462312255,1.1108734617071323
2024-01-09,867.9440000000001,6398.063999999999,8.282915462312255,1.1108734617071323
2024-01-10,8550.0,59847.0,6.99964912280702,0.0
2024-01-11,25199.0,107818.96,4.27869994841065,0.0
2024-01-12,7038.0,31319.1,4.45,0.0
2024-01-15,7038.0,31319.1,4.45,0.0
2024-01-16,20892.066666666666,103585.5911111111,4.99722059796684,0.793947743863906
2024-01-17,20892.066666666666,103585.5911111111,4.99722059796684,0.793947743863906
2024-01-18,20892.066666666666,103585.5911111111,4.99722059796684,0.793947743863906
2024-01-19,20892.066666666666,103585.5911111111,4.99722059796684,0.793947743863906
2024-01-22,20892.066666666666,103585.5911111111,4.99722059796684,0.793947743863906
2024-01-23,254.37666666666667,2331.7066666666665,8.394306574511694,4.629847504024835
2024-01-24,254.37666666666667,2331.7066666666665,8.394306574511694,4.629847504024835
2024-01-25,50038.0,221745.89,4.43154982213518,0.0
2024-01-26,17605.6,81802.54000000001,4.802737046852178,0.4999772005140815
2024-01-29,1960.0,11250.4,5.74,0.0
2024-01-30,1960.0,11250.4,5.74,0.0
2024-01-31,1960.0,11250.4,5.74,0.0
2024-02-01,20000.0,84804.53,4.2402265,0.0
2024-02-02,20000.0,84804.53,4.2402265,0.0
2024-02-05,9154.75,45152.2175,4.7796909184168,0.4587628595443066
2024-02-06,1299.46,12410.119999999999,9.289317825299285,2.233493684861076
2024-02-07,15058.55,76662.79,6.655435055233235,3.3315125942698876
2024-02-08,562.5,3352.5,5.96,0.0
2024-02-09,562.5,3352.5,5.96,0.0
2024-02-12,1401.0,12064.75,8.61152748037116,0.0
2024-02-13,22216.0,99503.02,4.435557619386796,1.3295910645869038
2024-02-14,22216.0,99503.02,4.435557619386796,1.3295910645869038
2024-02-15,10672.0,50186.340000000004,6.016645,2.126065030061404
2024-02-16,10672.0,50186.340000000004,6.016645,2.126065030061404
2024-02-19,25099.0,109542.08,4.36440017530579,0.0
2024-02-20,16250.0,82474.995,5.0229996,0.321027044344118
2024-02-21,933.7199999999999,11100.066666666666,11.039275688446827,2.0245148615051747
2024-02-22,933.7199999999999,11100.066666666666,11.039275688446827,2.0245148615051747
2024-02-23,933.7199999999999,11100.066666666666,11.039275688446827,2.0245148615051747
2024-02-26,2676.414285714286,20606.90714285714,7.34578513432766,3.325741530163249
2024-02-27,50128.0,219716.5,4.38310924034472,0.0
2024-02-28,50128.0,219716.5,4.38310924034472,0.0
2024-02-29,50128.0,219716.5,4.38310924034472,0.0
